timestamp,interface,canid,dlc,priority,src,dst,pgn,data
1739229594.465994,can0,0xE9790B5,8,3,0xB5,0x90,0x29700,CA3F871A5A6EE75F
1739229594.467052,can0,0xD15F192,8,3,0x92,0xF1,0x11500,500B3766CB2DED7C
1739229594.468105,can0,0x95656B9,8,2,0xB9,0x56,0x15600,3B9BA64D45BF5F01
1739229594.469131,can0,0x15077A92,8,5,0x92,0x7A,0x10700,71536E3C6B408321
1739229594.470186,can0,0x1EA91C0C,8,7,0xC,0x1C,0x2A900,7073122C536C5475
1739229594.471239,can0,0x69CED91,8,1,0x91,0xED,0x29C00,CE60984B0AF1E868
1739229594.472293,can0,0xA82DCC6,8,2,0xC6,0xDC,0x28200,10303851A7566023
1739229594.473346,can0,0xF3E1FD7,8,3,0xD7,0x1F,0x33E00,4E442C295A5A6172
1739229594.4744,can0,0x6A34DB8,8,1,0xB8,0x4D,0x2A300,25DE9F43A3EA3A2E
1739229594.475454,can0,0x10670CEC,8,4,0xEC,0xC,0x6700,7AF24B3B8DA6BE03
1739229594.476507,can0,0x5642D4,8,0,0xD4,0x42,0x5600,3083E30957E6451E
1739229594.477561,can0,0x3DB12E,8,0,0x2E,0xB1,0x3D00,C274F976A7F17C04
1739229594.478614,can0,0x1D2ADEFA,8,7,0xFA,0xDE,0x12A00,7BCB4F60E38C2352
1739229594.479668,can0,0x1E8A9E3F,8,7,0x3F,0x9E,0x28A00,0D46573554E0910E
1739229594.480721,can0,0xDDEAA,8,0,0xAA,0xDE,0xD00,1A620034C453A43A
1739229594.481775,can0,0x15624AFD,8,5,0xFD,0x4A,0x16200,AB4F9D3A92B43C06
1739229594.482828,can0,0x1E4B3C07,8,7,0x7,0x3C,0x24B00,722C2045A2E47457
1739229594.483882,can0,0x1AB92AE,8,0,0xAE,0x92,0x1AB00,494C5E74F128A100
1739229594.484935,can0,0x140CED08,8,5,0x8,0xED,0xC00,019A013B16074144
1739229594.485988,can0,0x247D7AC,8,0,0xAC,0xD7,0x24700,EDA6682B91F98C7F
1739229594.487041,can0,0x6067E39,8,1,0x39,0x7E,0x20600,C1E9BE0BC17C7009
1739229594.488095,can0,0x44C6490,8,1,0x90,0x64,0x4C00,F09AFC4B83F16900
1739229594.489131,can0,0x8C95638,8,2,0x38,0x56,0xC900,EA792709FEBCB960
1739229594.49014,can0,0x1AECE31B,8,6,0x1B,0xE3,0x2EC00,2918B2470B031116
1739229594.491193,can0,0x97EC36F,8,2,0x6F,0xC3,0x17E00,D3F6BF272565114A
1739229594.492246,can0,0x4231734,8,1,0x34,0x17,0x2300,D041227DD1B4AE04
1739229594.4933,can0,0xA5FCBC6,8,2,0xC6,0xCB,0x25F00,D77D6D3B43E1CE49
1739229594.494353,can0,0x1D4B069,8,0,0x69,0xB0,0x1D400,8510191D8C2D2D3E
1739229594.495407,can0,0x275D95A,8,0,0x5A,0xD9,0x27500,8EFD25718EC72E79
1739229594.49646,can0,0x6B6E070,8,1,0x70,0xE0,0x2B600,3AD56D737B6E9724
1739229594.497513,can0,0x643DA01,8,1,0x1,0xDA,0x24300,735374793D585630
1739229594.498566,can0,0xFB456C2,8,3,0xC2,0x56,0x3B400,03B8C01D2DF3527C
1739229594.499619,can0,0x101E4845,8,4,0x45,0x48,0x1E00,3B0E8A46176D7A05
1739229594.500672,can0,0x10D80543,8,4,0x43,0x5,0xD800,56F1764140852C4D
1739229594.501725,can0,0x6E9084F,8,1,0x4F,0x8,0x2E900,C6B4F54A137CEC74
1739229594.502778,can0,0x10FA6D74,8,4,0x74,0xFF,0xFA6D,FACB180FE3BD0E72
1739229594.503831,can0,0x15A92245,8,5,0x45,0x22,0x1A900,C0977859BA3B7C2D
1739229594.504884,can0,0x1F780388,8,7,0x88,0x3,0x37800,29484D7B3F4C954A
1739229594.505938,can0,0x1DA53115,8,7,0x15,0x31,0x1A500,8321C31DCD49BB3B
1739229594.506991,can0,0x16D3F8A3,8,5,0xA3,0xF8,0x2D300,F4017A04071F292F
1739229594.508045,can0,0x1B6B671E,8,6,0x1E,0x67,0x36B00,F5DBBD6A7A729D28
1739229594.509098,can0,0xBC1BF5B,8,2,0x5B,0xBF,0x3C100,B832725A7E2A5E46
1739229594.51013,can0,0x814B288,8,2,0x88,0xB2,0x1400,FD7A904AB938E80C
1739229594.511183,can0,0xD8F1F9F,8,3,0x9F,0x1F,0x18F00,4180681B102A5F4E
1739229594.512236,can0,0x1ABBA4DF,8,6,0xDF,0xA4,0x2BB00,90885102D6DE5419
1739229594.513289,can0,0xFA820F2,8,3,0xF2,0x20,0x3A800,04F64B33D0AA6D28
1739229594.514343,can0,0x1B6DED5,8,0,0xD5,0xDE,0x1B600,4A18F5689042E601
1739229594.515396,can0,0xF331A8F,8,3,0x8F,0x1A,0x33300,D21B6D68BA8A337D
1739229594.516449,can0,0x19C866CF,8,6,0xCF,0x66,0x1C800,E74C12263DACF61A
1739229594.517503,can0,0x1583B09C,8,5,0x9C,0xB0,0x18300,8A45E65C31AE701F
1739229594.518556,can0,0x4ACCFA4,8,1,0xA4,0xCF,0xAC00,A9AC5138278A2E0A
1739229594.519609,can0,0xD4A421E,8,3,0x1E,0x42,0x14A00,046C1344DFBCA064
1739229594.520662,can0,0x13A86C9C,8,4,0x9C,0x6C,0x3A800,8D1E284CDC37312F
1739229594.521715,can0,0x90A556,8,0,0x56,0xA5,0x9000,2C3EB7591DB8994A
1739229594.522768,can0,0xEEFCF66,8,3,0x66,0xCF,0x2EF00,0CE37234AD40EB4C
1739229594.523821,can0,0x844AE3C,8,2,0x3C,0xAE,0x4400,FE031B04B2363700
1739229594.524876,can0,0x10B2590C,8,4,0xC,0x59,0xB200,D4E2D145FC4E2C69
1739229594.52593,can0,0x12989B9C,8,4,0x9C,0x9B,0x29800,63FD0435CE6A9951
1739229594.526983,can0,0xFCC2656,8,3,0x56,0x26,0x3CC00,3264CD6EB6B7AB77
1739229594.528036,can0,0xAC2D294,8,2,0x94,0xD2,0x2C200,CF14516440FD9154
1739229594.52909,can0,0xA3380C5,8,2,0xC5,0x80,0x23300,73E4FD08E9A9E30C
1739229594.53013,can0,0x14620AEC,8,5,0xEC,0xA,0x6200,91264856EE15F750
1739229594.531183,can0,0x1902C7CB,8,6,0xCB,0xC7,0x10200,2E93F0697B341F1D
1739229594.532237,can0,0x833FFA8,8,2,0xA8,0xFF,0x3300,8438810AA772D676
1739229594.53329,can0,0x12CDB7C5,8,4,0xC5,0xB7,0x2CD00,EA077179B355492B
1739229594.534344,can0,0x1FB8F873,8,7,0x73,0xF8,0x3B800,26B6B501B259642F
1739229594.535397,can0,0x1FF02F25,8,7,0x25,0xFF,0x3F02F,320F6832863C3675
1739229594.536451,can0,0x91C7E21,8,2,0x21,0x7E,0x11C00,CEAA0065E9393B2A
1739229594.537504,can0,0x1AB5E8EF,8,6,0xEF,0xE8,0x2B500,25D1CC141C9E0819
1739229594.538557,can0,0x1261A0A5,8,4,0xA5,0xA0,0x26100,B9A38F5FEBB2597D
1739229594.53961,can0,0x6F39DE6,8,1,0xE6,0xFF,0x2F39D,7E24C3495E975706
1739229594.540662,can0,0x13D747CF,8,4,0xCF,0x47,0x3D700,6B2F253EEFBD9F5C
1739229594.541716,can0,0x4CE5DBD,8,1,0xBD,0x5D,0xCE00,36F727171D519046
1739229594.542769,can0,0x1ED9238,8,0,0x38,0x92,0x1ED00,DEF65B1FA1891151
1739229594.543822,can0,0x18C404E0,8,6,0xE0,0x4,0xC400,A4AE29728B91824A
1739229594.544875,can0,0x40D5A93,8,1,0x93,0x5A,0xD00,17A7E211B147384C
1739229594.545928,can0,0x1371B445,8,4,0x45,0xB4,0x37100,3CD6D231E356A07E
1739229594.546981,can0,0x8A7F0CB,8,2,0xCB,0xF0,0xA700,5D54EF3AB201A163
1739229594.548035,can0,0x12E32AB5,8,4,0xB5,0x2A,0x2E300,4C3DA515D7D26D78
1739229594.549088,can0,0xBEBC8D1,8,2,0xD1,0xC8,0x3EB00,F2DD06689076FD57
1739229594.55013,can0,0x9457BBC,8,2,0xBC,0x7B,0x14500,D87BFA0E0E9BC021
1739229594.551184,can0,0xF9D131A,8,3,0x1A,0x13,0x39D00,A7C3D14279CAE55F
1739229594.552237,can0,0xC3CD109,8,3,0x9,0xD1,0x3C00,6521A047B0C10D77
1739229594.553291,can0,0x12CD2227,8,4,0x27,0x22,0x2CD00,9DB38D698EB86916
1739229594.554344,can0,0x3DEABC8,8,0,0xC8,0xAB,0x3DE00,7DB8510232679308
1739229594.555397,can0,0xE613D54,8,3,0x54,0x3D,0x26100,11135F46490E761A
1739229594.55645,can0,0x1A998505,8,6,0x5,0x85,0x29900,56C7D03985E4484C
1739229594.557503,can0,0x1939DBE9,8,6,0xE9,0xDB,0x13900,22B87822E2383807
1739229594.558556,can0,0x1CDADD9B,8,7,0x9B,0xDD,0xDA00,D7E25B352F76DD1C
1739229594.559609,can0,0x1548B072,8,5,0x72,0xB0,0x14800,A8AB47612154E404
1739229594.560662,can0,0xD462702,8,3,0x2,0x27,0x14600,64278D0AF9CFDE13
1739229594.561716,can0,0xF06C210,8,3,0x10,0xC2,0x30600,7E3A2A3AA093B056
1739229594.562769,can0,0xEEC8C8A,8,3,0x8A,0x8C,0x2EC00,870B674605B5501E
1739229594.563822,can0,0x5FA4E3A,8,1,0x3A,0xFF,0x1FA4E,AE2D3419A368DE07
1739229594.564875,can0,0x1C6406C8,8,7,0xC8,0x6,0x6400,77D9123D2021300A
1739229594.565928,can0,0x4F76DFB,8,1,0xFB,0xFF,0xF76D,CB16742B31348F50
1739229594.566981,can0,0x1F6D7C44,8,7,0x44,0x7C,0x36D00,D09B0D6688FB5F0A
1739229594.568035,can0,0xBB660CA,8,2,0xCA,0x60,0x3B600,B977471FAAB3D82C
1739229594.569087,can0,0x12EE99AC,8,4,0xAC,0x99,0x2EE00,5455223C81963462
1739229594.57013,can0,0xFCC0FDB,8,3,0xDB,0xF,0x3CC00,C6056B5129427C43
1739229594.571184,can0,0x14B063FC,8,5,0xFC,0x63,0xB000,C82CB13E8D69094E
1739229594.572237,can0,0x88F33F5,8,2,0xF5,0x33,0x8F00,D9EEB74D0BA43308
1739229594.57329,can0,0x1F3FC796,8,7,0x96,0xC7,0x33F00,637BA43C92AF9A4E
1739229594.574344,can0,0x1D907C9B,8,7,0x9B,0x7C,0x19000,9DC99E2241DDCE67
1739229594.575397,can0,0x56EE53E,8,1,0x3E,0xE5,0x16E00,65D0021FB8B6E124
1739229594.576451,can0,0xF9F065F,8,3,0x5F,0x6,0x39F00,603EFA2383CD5550
1739229594.577504,can0,0x2E3A90,8,0,0x90,0x3A,0x2E00,A5BA674353696336
1739229594.578558,can0,0xA8E3618,8,2,0x18,0x36,0x28E00,6F1B1E2F0DE1AA55
1739229594.579611,can0,0x1766E9C2,8,5,0xC2,0xE9,0x36600,1BB50C226136CD11
1739229594.580664,can0,0x199B8043,8,6,0x43,0x80,0x19B00,F7C4D831283C3863
1739229594.581717,can0,0x1D17C26C,8,7,0x6C,0xC2,0x11700,F3288946F068E921
1739229594.58277,can0,0xB212BF9,8,2,0xF9,0x2B,0x32100,E95C186FC957A16F
1739229594.583823,can0,0x1354D004,8,4,0x4,0xD0,0x35400,7F24586E2CD3452C
1739229594.584876,can0,0x1EF7F97,8,0,0x97,0x7F,0x1EF00,1AA1E80BC99CE44E
1739229594.585929,can0,0x9BE5CD8,8,2,0xD8,0x5C,0x1BE00,598657312F6DE76D
1739229594.586982,can0,0xEA01390,8,3,0x90,0x13,0x2A000,B88CF6608FABE111
1739229594.588035,can0,0x1EF5E113,8,7,0x13,0xFF,0x2F5E1,48C7246134664955
1739229594.589088,can0,0x15594A66,8,5,0x66,0x4A,0x15900,61FDB26BA3816704
1739229594.59013,can0,0xB042B73,8,2,0x73,0x2B,0x30400,23E71923BF367426
1739229594.591183,can0,0x1CD161D5,8,7,0xD5,0x61,0xD100,6767B53CB6FB4C58
1739229594.592236,can0,0x99DFD,8,0,0xFD,0x9D,0x900,D329CD19A924D61E
1739229594.59329,can0,0x1F306ED,8,0,0xED,0xFF,0x1F306,CD55EE449281EE0D
1739229594.594343,can0,0x11945EB7,8,4,0xB7,0x5E,0x19400,D125437811A6467C
1739229594.595396,can0,0x1DDA31E3,8,7,0xE3,0x31,0x1DA00,68A5327A2C472F08
1739229594.596449,can0,0xCBECEAD,8,3,0xAD,0xCE,0xBE00,4002F16385CD8639
1739229594.597503,can0,0x1AA63BDC,8,6,0xDC,0x3B,0x2A600,D01591723D5A7D1A
1739229594.598556,can0,0xC87E76B,8,3,0x6B,0xE7,0x8700,E3F686518521A27B
1739229594.59961,can0,0x1D14DA0,8,0,0xA0,0x4D,0x1D100,4A41E066E61E5567
1739229594.600663,can0,0x638CF43,8,1,0x43,0xCF,0x23800,BD6CE4510A066F0A
1739229594.601716,can0,0xCAD0602,8,3,0x2,0x6,0xAD00,92CEB54E716D2447
1739229594.602768,can0,0x4FA01B8,8,1,0xB8,0xFF,0xFA01,8F6CBF2E4497F160
1739229594.603822,can0,0x3D02662,8,0,0x62,0x26,0x3D000,7D73B23011EDDF25
1739229594.604875,can0,0x11BEA7F4,8,4,0xF4,0xA7,0x1BE00,34D24622E312231E
1739229594.605928,can0,0xE054E06,8,3,0x6,0x4E,0x20500,170421404BB85518
1739229594.606981,can0,0x16349532,8,5,0x32,0x95,0x23400,C4D2DF2C8CBA467C
1739229594.608035,can0,0xFBB62B7,8,3,0xB7,0x62,0x3BB00,A00E86075CD0D76E
1739229594.609088,can0,0xA38BCF4,8,2,0xF4,0xBC,0x23800,0CF60D7440C75E40
1739229594.61013,can0,0x5DADE79,8,1,0x79,0xDE,0x1DA00,AC43DF358A083F27
1739229594.611183,can0,0xD2FFD60,8,3,0x60,0xFD,0x12F00,EF12187C47752379
1739229594.612236,can0,0x179F036A,8,5,0x6A,0x3,0x39F00,F218C568DA43D947
1739229594.61329,can0,0x1EC370DB,8,7,0xDB,0x70,0x2C300,AA1ABF2D69B09876
1739229594.614343,can0,0x1FB5081F,8,7,0x1F,0x8,0x3B500,0C418F11E6234B27
1739229594.615396,can0,0x594F531,8,1,0x31,0xF5,0x19400,01E94D031AF69149
1739229594.616449,can0,0x3B80814,8,0,0x14,0x8,0x3B800,0737537132FAB209
1739229594.617503,can0,0x1C0DC05F,8,7,0x5F,0xC0,0xD00,39CC8767F6CC9236
1739229594.618556,can0,0x18547AEB,8,6,0xEB,0x7A,0x5400,F02E431797DB183E
1739229594.619609,can0,0x72C4B48,8,1,0x48,0x4B,0x32C00,E4EB7B61A3D12632
1739229594.620662,can0,0x78B1288,8,1,0x88,0x12,0x38B00,5DCA56274F150668
1739229594.621715,can0,0xECA1B12,8,3,0x12,0x1B,0x2CA00,BDC786543E281E64
1739229594.622768,can0,0x7ED9059,8,1,0x59,0x90,0x3ED00,27CB250C3041E34C
1739229594.623822,can0,0xFC6D433,8,3,0x33,0xD4,0x3C600,023CE90ADB5BA27A
1739229594.624875,can0,0x65F849D,8,1,0x9D,0x84,0x25F00,22449E6AE79C310C
1739229594.625928,can0,0xDAAA883,8,3,0x83,0xA8,0x1AA00,53393370E8857F0F
1739229594.626982,can0,0x173C9E9E,8,5,0x9E,0x9E,0x33C00,6741EB13EFBCD200
1739229594.628036,can0,0xEF98D0,8,0,0xD0,0x98,0xEF00,C601F94F28895A68
1739229594.62909,can0,0x178265C6,8,5,0xC6,0x65,0x38200,B27C4D0818B89D7F
1739229594.63013,can0,0x159B415D,8,5,0x5D,0x41,0x19B00,FAC7792FFCA31961
1739229594.631184,can0,0x7C21300,8,1,0x0,0x13,0x3C200,82DA04175A6E7008
1739229594.632238,can0,0xFC8284F,8,3,0x4F,0x28,0x3C800,94F5CE251736F75C
1739229594.633292,can0,0x13E6508E,8,4,0x8E,0x50,0x3E600,ED85BC2D3F011D69
1739229594.634345,can0,0xC991BE,8,0,0xBE,0x91,0xC900,215A837D413D0674
1739229594.635399,can0,0x1B6BED99,8,6,0x99,0xED,0x36B00,BEDEE2436381A45E
1739229594.636453,can0,0x79D8A81,8,1,0x81,0x8A,0x39D00,41878D31B6BAD74E
1739229594.637506,can0,0x171D1069,8,5,0x69,0x10,0x31D00,DF25CA681DFCC262
1739229594.638559,can0,0x17EFCD59,8,5,0x59,0xCD,0x3EF00,AFBEB929E4FDBB32
1739229594.639612,can0,0x4A5681,8,0,0x81,0x56,0x4A00,76243C21967A093B
1739229594.640665,can0,0x1FE80E9A,8,7,0x9A,0xE,0x3E800,D365D7569042836A
1739229594.641718,can0,0x101B296,8,0,0x96,0xB2,0x10100,D478993E121D8801
1739229594.642771,can0,0x97220F0,8,2,0xF0,0x20,0x17200,23A1610EA6125727
1739229594.643824,can0,0x6695708,8,1,0x8,0x57,0x26900,B1F1474293981355
1739229594.644877,can0,0xF865847,8,3,0x47,0x58,0x38600,70831143B4F29652
1739229594.64593,can0,0x38C9588,8,0,0x88,0x95,0x38C00,09717D3E72D17916
1739229594.646983,can0,0x23116EC,8,0,0xEC,0x16,0x23100,8AFB1A46B4580748
1739229594.648037,can0,0x1108D1A2,8,4,0xA2,0xD1,0x10800,F40B385D937ED130
1739229594.649091,can0,0x13CBCDC0,8,4,0xC0,0xCD,0x3CB00,4DD92775433D8B5A
1739229594.650131,can0,0x687CBA4,8,1,0xA4,0xCB,0x28700,CE2F7275B961C77B
1739229594.651191,can0,0x191463A,8,0,0x3A,0x46,0x19100,683E5A758CC79E52
1739229594.652244,can0,0xC1488CA,8,3,0xCA,0x88,0x1400,FFF05B5660403811
1739229594.653297,can0,0xD9CA5DC,8,3,0xDC,0xA5,0x19C00,EF11CE3F84E1991F
1739229594.65435,can0,0x14F3B882,8,5,0x82,0xFF,0xF3B8,F768370635D3E161
1739229594.655405,can0,0xA075115,8,2,0x15,0x51,0x20700,3EC1BD35A556F324
1739229594.656458,can0,0x1C9E43CA,8,7,0xCA,0x43,0x9E00,C7564A59AFC77063
1739229594.657512,can0,0x1318153C,8,4,0x3C,0x15,0x31800,B36D7B5B39C38B29
1739229594.658566,can0,0x1B1F6DF0,8,6,0xF0,0x6D,0x31F00,553F842C2DCFC306
1739229594.659619,can0,0xBF0EC84,8,2,0x84,0xFF,0x3F0EC,150D50607AA8EB7B
1739229594.660672,can0,0x67C29C7,8,1,0xC7,0x29,0x27C00,B9D8D74649D85D71
1739229594.661725,can0,0x2438B80,8,0,0x80,0x8B,0x24300,F31E6968B116B866
1739229594.662778,can0,0x14E2530C,8,5,0xC,0x53,0xE200,BDA77D74B007143D
1739229594.663832,can0,0x61A936D,8,1,0x6D,0x93,0x21A00,994D1A02A019E27C
1739229594.664885,can0,0x5B474F1,8,1,0xF1,0x74,0x1B400,1B060E3797821903
1739229594.665938,can0,0x7964826,8,1,0x26,0x48,0x39600,31571541D643D738
1739229594.666991,can0,0xC899ECC,8,3,0xCC,0x9E,0x8900,FB9AB31D9D9A2112
1739229594.668045,can0,0xFFA667B,8,3,0x7B,0xFF,0x3FA66,37B0CB1050089D6D
1739229594.669098,can0,0x198629B4,8,6,0xB4,0x29,0x18600,281EEB4BA547211A
1739229594.67013,can0,0x49F8E2,8,0,0xE2,0xF8,0x4900,AC0ADC37BB54717A
1739229594.671183,can0,0x1C35A15C,8,7,0x5C,0xA1,0x3500,7334587E742D4941
1739229594.672236,can0,0xD9379A5,8,3,0xA5,0x79,0x19300,F3BF9B40684CB229
1739229594.673289,can0,0x144B9057,8,5,0x57,0x90,0x4B00,FF127E5525F42F1E
1739229594.674343,can0,0x115F9807,8,4,0x7,0x98,0x15F00,6CA6987BBF414A20
1739229594.675397,can0,0xE41B1A7,8,3,0xA7,0xB1,0x24100,5D1B4D41DA475857
1739229594.676451,can0,0x115B343F,8,4,0x3F,0x34,0x15B00,8463E3680B9F6D18
1739229594.677503,can0,0xA327815,8,2,0x15,0x78,0x23200,50026D35063A2136
1739229594.678556,can0,0x1C5412B2,8,7,0xB2,0x12,0x5400,CB6867653EEAEC46
1739229594.67961,can0,0x9F11B02,8,2,0x2,0xFF,0x1F11B,7F92ED3E6608D812
1739229594.680663,can0,0x41262A7,8,1,0xA7,0x62,0x1200,618B371F1213B44A
1739229594.681715,can0,0x1E83B762,8,7,0x62,0xB7,0x28300,BE2C6D7B85470C49
1739229594.682769,can0,0x1FCCE4D7,8,7,0xD7,0xE4,0x3CC00,63A600497807A809
1739229594.683822,can0,0x97F313F,8,2,0x3F,0x31,0x17F00,BA364C7D771A265F
1739229594.684874,can0,0x7AF2564,8,1,0x64,0x25,0x3AF00,C2CEAB6EE4C0BE5A
1739229594.685928,can0,0x7F96723,8,1,0x23,0xFF,0x3F967,6980ED5C41DC0B1C
1739229594.686981,can0,0x1F51AEFE,8,7,0xFE,0xAE,0x35100,A8B4484EC53FEF04
1739229594.688034,can0,0x17BF4E09,8,5,0x9,0x4E,0x3BF00,BD2C7B7815425C3A
1739229594.689087,can0,0xDE08810,8,3,0x10,0x88,0x1E000,6F3FCF34E0AAC31F
1739229594.69013,can0,0x14CD724E,8,5,0x4E,0x72,0xCD00,715AC05E603DB15E
1739229594.691184,can0,0x7A57AB4,8,1,0xB4,0x7A,0x3A500,19BDD222C1C8E87D
1739229594.692237,can0,0x12598DC6,8,4,0xC6,0x8D,0x25900,7B7456617FF55579
1739229594.693291,can0,0x1B65D54B,8,6,0x4B,0xD5,0x36500,52592361E39B5642
1739229594.694344,can0,0x50DDCC3,8,1,0xC3,0xDC,0x10D00,918AA20A9DD2A23F
1739229594.695397,can0,0x433F73A,8,1,0x3A,0xF7,0x3300,F6AF51525FA14E2E
1739229594.69645,can0,0x1EF2B81E,8,7,0x1E,0xFF,0x2F2B8,19174B3AC9213C0B
1739229594.697503,can0,0x1AFE9460,8,6,0x60,0xFF,0x2FE94,17C69C7971D68459
1739229594.698557,can0,0x1FEDD425,8,7,0x25,0xD4,0x3ED00,21145C512F030052
1739229594.69961,can0,0x1A4A163B,8,6,0x3B,0x16,0x24A00,319C3C5F9E42CF06
1739229594.700662,can0,0x1A0DC11B,8,6,0x1B,0xC1,0x20D00,7F0E0A34109D8F65
1739229594.701715,can0,0x18BEFE7B,8,6,0x7B,0xFE,0xBE00,3389AF1B295A6208
1739229594.702769,can0,0x16A7C73D,8,5,0x3D,0xC7,0x2A700,F916094EA4CEB869
1739229594.703822,can0,0xFFDBCBC,8,3,0xBC,0xFF,0x3FDBC,44EC6E49F727DC4A
1739229594.704875,can0,0x1254589F,8,4,0x9F,0x58,0x25400,07C97C4E88B27E55
1739229594.705928,can0,0x11F72B3D,8,4,0x3D,0xFF,0x1F72B,41C0B0327E62D027
1739229594.706981,can0,0x45CC9C,8,0,0x9C,0xCC,0x4500,6078A37198791B62
1739229594.708034,can0,0xB81EE65,8,2,0x65,0xEE,0x38100,C00CA24CAF3FB85B
1739229594.709087,can0,0x506C4D7,8,1,0xD7,0xC4,0x10600,E5E08F2CD053142D
1739229594.71013,can0,0x1706C806,8,5,0x6,0xC8,0x30600,20F7D94601F0500C
1739229594.711183,can0,0x1DD60AA4,8,7,0xA4,0xA,0x1D600,3CB8E70080FE5A40
1739229594.712236,can0,0x365A7B4,8,0,0xB4,0xA7,0x36500,B7B6A619B3870A5C
1739229594.713289,can0,0xBC801DD,8,2,0xDD,0x1,0x3C800,F47D4E30AC9E132A
1739229594.714343,can0,0x1580D082,8,5,0x82,0xD0,0x18000,B13A4C40F08A8273
1739229594.715396,can0,0x5CF879,8,0,0x79,0xF8,0x5C00,5093A012F753FF41
1739229594.716449,can0,0x15DBAB01,8,5,0x1,0xAB,0x1DB00,8DBE97243914B074
1739229594.717502,can0,0x1DAC0D80,8,7,0x80,0xD,0x1AC00,2A8BDD64998C5366
1739229594.718555,can0,0x1FC78718,8,7,0x18,0x87,0x3C700,8F795F305999F532
1739229594.719625,can0,0x1B7FC6C7,8,6,0xC7,0xC6,0x37F00,663E66553E7A855F
1739229594.720693,can0,0x8941A98,8,2,0x98,0x1A,0x9400,6C066D4C5F715F26
1739229594.72176,can0,0x14E50A99,8,5,0x99,0xA,0xE500,1111434A9B294727
1739229594.722824,can0,0x1540091A,8,5,0x1A,0x9,0x14000,C5B8A82D52E0ED40
1739229594.723878,can0,0x114A90CD,8,4,0xCD,0x90,0x14A00,A3BA7019475E3C71
1739229594.724931,can0,0x1B5E2F7A,8,6,0x7A,0x2F,0x35E00,258BF16EF8988831
1739229594.725985,can0,0xEE0BA6A,8,3,0x6A,0xBA,0x2E000,9E834E0F482C2944
1739229594.727038,can0,0x10E00E62,8,4,0x62,0xE,0xE000,9F2E2A05D6EAC068
1739229594.728092,can0,0x590229B,8,1,0x9B,0x22,0x19000,1F3CD62200769E4D
1739229594.72913,can0,0xBE3AF34,8,2,0x34,0xAF,0x3E300,37C39D228FEFFD7D
1739229594.730184,can0,0x1ED9488D,8,7,0x8D,0x48,0x2D900,FF891D7EF62D6453
1739229594.731238,can0,0x1E5EC2CB,8,7,0xCB,0xC2,0x25E00,97A4B1066234D11F
1739229594.732291,can0,0x4BE342A,8,1,0x2A,0x34,0xBE00,30AF961B7345146A
1739229594.733345,can0,0xC055DC5,8,3,0xC5,0x5D,0x500,4AB8D67039FEBC17
1739229594.734398,can0,0xCF33E18,8,3,0x18,0xFF,0xF33E,18492122DCB82D31
1739229594.735451,can0,0x1E2F9C5F,8,7,0x5F,0x9C,0x22F00,92787F7D01441F20
1739229594.736504,can0,0xFB83557,8,3,0x57,0x35,0x3B800,FC32604C9FC76D2F
1739229594.737556,can0,0x13E1619F,8,4,0x9F,0x61,0x3E100,5E41405D3EF69734
1739229594.738609,can0,0x1CA24C75,8,7,0x75,0x4C,0xA200,F963D0625E326E57
1739229594.739663,can0,0xA40C275,8,2,0x75,0xC2,0x24000,2D13B44E95F50B7A
1739229594.740716,can0,0x83EB205,8,2,0x5,0xB2,0x3E00,BA5B8D6D947F2978
1739229594.741769,can0,0x1BA2DFFB,8,6,0xFB,0xDF,0x3A200,861EEC6B2B24DB7E
1739229594.742822,can0,0x1B74145D,8,6,0x5D,0x14,0x37400,B052AA105CD3711A
1739229594.743875,can0,0x58859D1,8,1,0xD1,0x59,0x18800,76B0AF5CA68B480B
1739229594.744929,can0,0x1D45580A,8,7,0xA,0x58,0x14500,8EEEA269BED4692D
1739229594.745982,can0,0xE7310E6,8,3,0xE6,0x10,0x27300,ED8AD267504DE92A
1739229594.747035,can0,0xE9254E7,8,3,0xE7,0x54,0x29200,44C08A174D804977
1739229594.748088,can0,0x1E001C86,8,7,0x86,0x1C,0x20000,E3216C0BABC18954
1739229594.74913,can0,0x129812C4,8,4,0xC4,0x12,0x29800,596E0E68A5255A37
1739229594.750184,can0,0xA064522,8,2,0x22,0x45,0x20600,CE304F12D2380E06
1739229594.751237,can0,0x4123AB8,8,1,0xB8,0x3A,0x1200,D3E28D3A8D949B73
1739229594.75229,can0,0x1C3BBA4C,8,7,0x4C,0xBA,0x3B00,CEC2303613B3875F
1739229594.753344,can0,0x1B16DE78,8,6,0x78,0xDE,0x31600,2CD7A451C3053270
1739229594.754397,can0,0x1588B1D4,8,5,0xD4,0xB1,0x18800,FD302D5739B6E14C
1739229594.75545,can0,0xD13D7A,8,0,0x7A,0x3D,0xD100,07897274C7A48436
1739229594.756507,can0,0xE3B1239,8,3,0x39,0x12,0x23B00,ED99E542B42F571E
1739229594.75756,can0,0x19245F89,8,6,0x89,0x5F,0x12400,D4EE7731F8EFE135
1739229594.758614,can0,0x106DDFD6,8,4,0xD6,0xDF,0x6D00,5A0B784FDC114E41
1739229594.759667,can0,0x4F7A182,8,1,0x82,0xFF,0xF7A1,1E1E102235805C29
1739229594.76072,can0,0x1C51C727,8,7,0x27,0xC7,0x5100,4163164C03B1AB3B
1739229594.761773,can0,0x25FFFF9,8,0,0xF9,0xFF,0x25F00,F99D2870D7933976
1739229594.762826,can0,0x15FB9486,8,5,0x86,0xFF,0x1FB94,4558640CA5566A2C
1739229594.763879,can0,0x15834799,8,5,0x99,0x47,0x18300,BD367B27D12D0F7E
1739229594.764932,can0,0x5B54D5D,8,1,0x5D,0x4D,0x1B500,91E8035DCE5E3C55
1739229594.765985,can0,0x12970396,8,4,0x96,0x3,0x29700,0C26D51DD5E7AE49
1739229594.767038,can0,0x91BA85E,8,2,0x5E,0xA8,0x11B00,4538100CC281940C
1739229594.768091,can0,0x772D812,8,1,0x12,0xD8,0x37200,CE97342596700C3E
1739229594.76913,can0,0x1D54C80B,8,7,0xB,0xC8,0x15400,A577A235F07B840D
1739229594.770183,can0,0x1EA2D9E7,8,7,0xE7,0xD9,0x2A200,27199A1A0F9A942F
1739229594.771236,can0,0x7FF5A1C,8,1,0x1C,0xFF,0x3FF5A,4EE0EB3650FDAA7B
1739229594.772289,can0,0x3AB0B1F,8,0,0x1F,0xB,0x3AB00,47E04B59499BD36B
1739229594.773342,can0,0x19E49EF6,8,6,0xF6,0x9E,0x1E400,CE74476F8EF33778
1739229594.774396,can0,0x64EF59C,8,1,0x9C,0xF5,0x24E00,67BCCA644C2AB31F
1739229594.77545,can0,0x45E236D,8,1,0x6D,0x23,0x5E00,C409804ADD12B77C
1739229594.776504,can0,0x199A823C,8,6,0x3C,0x82,0x19A00,5B0D177DE9388C1A
1739229594.777557,can0,0x3496A11,8,0,0x11,0x6A,0x34900,B9B532662E719C26
1739229594.77861,can0,0xFDDEBD4,8,3,0xD4,0xEB,0x3DD00,CB8DA56DFD08D14B
1739229594.779663,can0,0xDEA5C6A,8,3,0x6A,0x5C,0x1EA00,D655FA2AA2807301
1739229594.780716,can0,0x1B6ED85B,8,6,0x5B,0xD8,0x36E00,BD2F9D29C9990D1C
1739229594.781769,can0,0xB03726A,8,2,0x6A,0x72,0x30300,D9899C51177AF952
1739229594.782822,can0,0x6AE6FBA,8,1,0xBA,0x6F,0x2AE00,F99447355E5A452C
1739229594.783875,can0,0x12820B03,8,4,0x3,0xB,0x28200,EF332C0F2CCF8C1B
1739229594.784928,can0,0xAB9FE91,8,2,0x91,0xFE,0x2B900,8B297B15948B5700
1739229594.785981,can0,0xA6D28DD,8,2,0xDD,0x28,0x26D00,F94CD9195895D74A
1739229594.787034,can0,0x7243BBB,8,1,0xBB,0x3B,0x32400,35CF7373B3A2EE47
1739229594.788087,can0,0x1B074A4,8,0,0xA4,0x74,0x1B000,4639BD166C58212E
1739229594.78913,can0,0x84CE5D3,8,2,0xD3,0xE5,0x4C00,1A259B4638E6C61B
1739229594.79014,can0,0x141DEED0,8,5,0xD0,0xEE,0x1D00,858185340E3CC146
1739229594.791194,can0,0x15916F72,8,5,0x72,0x6F,0x19100,E059F42FCC6B5E70
1739229594.792247,can0,0x119F093B,8,4,0x3B,0x9,0x19F00,4ACCF75AA5F5FA41
1739229594.793301,can0,0x4988352,8,1,0x52,0x83,0x9800,043CA6019E8A4277
1739229594.794354,can0,0x10DDDDB0,8,4,0xB0,0xDD,0xDD00,074728148EBE6E06
1739229594.795407,can0,0xC6AACDD,8,3,0xDD,0xAC,0x6A00,9845E21E19E8E91B
1739229594.79646,can0,0xCC23871,8,3,0x71,0x38,0xC200,766E4F491235C335
1739229594.797513,can0,0x1799CDC9,8,5,0xC9,0xCD,0x39900,31AA737047043729
1739229594.798567,can0,0x1F88707D,8,7,0x7D,0x70,0x38800,D51E24328E3DF43F
1739229594.79962,can0,0xDA9C8E9,8,3,0xE9,0xC8,0x1A900,A804711AA8628F06
1739229594.800673,can0,0x970AF21,8,2,0x21,0xAF,0x17000,78F38E4E2DE4143B
1739229594.801726,can0,0x1031EB30,8,4,0x30,0xEB,0x3100,EA6220040D3E096B
1739229594.802779,can0,0x9056FC,8,0,0xFC,0x56,0x9000,256CBF55570A0146
1739229594.803832,can0,0x28B4CA1,8,0,0xA1,0x4C,0x28B00,77EF577A5B46A747
1739229594.804885,can0,0x19CDD740,8,6,0x40,0xD7,0x1CD00,28CD354B628DCF5B
1739229594.805938,can0,0x3C95CE,8,0,0xCE,0x95,0x3C00,057AA037FBD2B17A
1739229594.806991,can0,0x1C267DE7,8,7,0xE7,0x7D,0x2600,76B2622471410144
1739229594.808044,can0,0x11E9B2FA,8,4,0xFA,0xB2,0x1E900,3F80FC5BA2EB7434
1739229594.809098,can0,0x1B20B741,8,6,0x41,0xB7,0x32000,BCF0845B770A9966
1739229594.81013,can0,0x1B14F4CF,8,6,0xCF,0xF4,0x31400,A6B92E09200F0A01
1739229594.811183,can0,0x1A45778,8,0,0x78,0x57,0x1A400,C7689F529802994F
1739229594.812236,can0,0x1CB93BA5,8,7,0xA5,0x3B,0xB900,F753D1628365B953
1739229594.813289,can0,0x7C279B3,8,1,0xB3,0x79,0x3C200,F3AA6163A8D17829
1739229594.814342,can0,0xDC3840A,8,3,0xA,0x84,0x1C300,95F7EC2520C1D023
1739229594.815395,can0,0x156ACA66,8,5,0x66,0xCA,0x16A00,D5CEBA5F488E066F
1739229594.816448,can0,0x113A57C8,8,4,0xC8,0x57,0x13A00,A364F71F4D08A726
1739229594.817502,can0,0xBEC2AC3,8,2,0xC3,0x2A,0x3EC00,8AE21D7CC3BA094B
1739229594.818555,can0,0xFED6C34,8,3,0x34,0x6C,0x3ED00,8495070E023B0627
1739229594.819608,can0,0x46257D6,8,1,0xD6,0x57,0x6200,C64C2849BF2B8B02
1739229594.820661,can0,0xAFB624E,8,2,0x4E,0xFF,0x2FB62,95413D4465E5B90B
1739229594.821714,can0,0xC05716E,8,3,0x6E,0x71,0x500,0D99E1452C4E595E
1739229594.822767,can0,0x1B9E7406,8,6,0x6,0x74,0x39E00,B3D49A0224A22A41
1739229594.82382,can0,0xF57D989,8,3,0x89,0xD9,0x35700,664E5D2A174D8C24
1739229594.824874,can0,0x18D0AB32,8,6,0x32,0xAB,0xD000,70D22018AC44794A
1739229594.825927,can0,0x1CA16C52,8,7,0x52,0x6C,0xA100,D69C8B4D8113342A
1739229594.82698,can0,0xBA7FA9A,8,2,0x9A,0xFA,0x3A700,9FF4C55E24782B4A
1739229594.828033,can0,0x124F02E7,8,4,0xE7,0x2,0x24F00,621FB26AAF5A4946
1739229594.829086,can0,0x1D58BDAA,8,7,0xAA,0xBD,0x15800,978B9F3A33F05054
1739229594.83013,can0,0x45EF8AC,8,1,0xAC,0xF8,0x5E00,6DE3013FF93C791D
1739229594.831183,can0,0x6EA246B,8,1,0x6B,0x24,0x2EA00,BB45FD298F7EB661
1739229594.832237,can0,0x12A409D0,8,4,0xD0,0x9,0x2A400,29B702169C179827
1739229594.83329,can0,0x10FD57FD,8,4,0xFD,0xFF,0xFD57,302BA1514FEC322A
1739229594.834343,can0,0x1227FA21,8,4,0x21,0xFA,0x22700,B904F960B53A9054
1739229594.835396,can0,0x16B44738,8,5,0x38,0x47,0x2B400,EBAFC919260DB16C
1739229594.836449,can0,0x12D8BE5,8,0,0xE5,0x8B,0x12D00,3D1C6B76FCA93C3A
1739229594.837502,can0,0xB619F66,8,2,0x66,0x9F,0x36100,D71613429B9E0219
1739229594.838555,can0,0x158D178B,8,5,0x8B,0x17,0x18D00,BE196234FEBDB403
1739229594.839608,can0,0x1BD6723A,8,6,0x3A,0x72,0x3D600,68D7BA719549543E
1739229594.840661,can0,0x1027626D,8,4,0x6D,0x62,0x2700,15D01956022D567D
1739229594.841714,can0,0xDA09F67,8,3,0x67,0x9F,0x1A000,80F4033DBE725327
1739229594.842767,can0,0xF571DF6,8,3,0xF6,0x1D,0x35700,51FEA72FE729563D
1739229594.84382,can0,0x16EF3592,8,5,0x92,0x35,0x2EF00,4E56A5001755F70E
1739229594.844874,can0,0x12221E2,8,0,0xE2,0x21,0x12200,6F50CD12D159F06F
1739229594.845927,can0,0x15B25C97,8,5,0x97,0x5C,0x1B200,A7978149BC09BA09
1739229594.84698,can0,0x26369BD,8,0,0xBD,0x69,0x26300,8C23AF4AFA252500
1739229594.848033,can0,0x1CA013BA,8,7,0xBA,0x13,0xA000,F3C21076D13C3842
1739229594.849086,can0,0x15A2B255,8,5,0x55,0xB2,0x1A200,7EDA9D6B90569A76
1739229594.85013,can0,0x19577053,8,6,0x53,0x70,0x15700,B84C7427F82D5568
1739229594.851185,can0,0x17ABB9E8,8,5,0xE8,0xB9,0x3AB00,25AF9B370DFE6E3E
1739229594.852238,can0,0x1501E6EB,8,5,0xEB,0xE6,0x10100,8C4E3C658EF2727B
1739229594.853292,can0,0x1C5559A9,8,7,0xA9,0x59,0x5500,826C9374DFF01A2B
1739229594.854345,can0,0x19AB8390,8,6,0x90,0x83,0x1AB00,15A2822B2D47C02B
1739229594.855383,can0,0x8A2D8A8,8,2,0xA8,0xD8,0xA200,F7C3A40C9C978D3E
1739229594.85645,can0,0x18933279,8,6,0x79,0x32,0x9300,8E205742432F0F08
1739229594.857515,can0,0x24D3C35,8,0,0x35,0x3C,0x24D00,4C8ABA64D052BE52
1739229594.858584,can0,0x272622F,8,0,0x2F,0x62,0x27200,069E5A41C315CF48
1739229594.859651,can0,0x4AA9F01,8,1,0x1,0x9F,0xAA00,5B50FD3641F06C34
1739229594.860714,can0,0x1B44F591,8,6,0x91,0xF5,0x34400,AFC05430F93CE15B
1739229594.861768,can0,0x39A2389,8,0,0x89,0x23,0x39A00,977A00681EEC7C13
1739229594.862821,can0,0x2092197,8,0,0x97,0x21,0x20900,8261021DAB3AB978
1739229594.863874,can0,0x1D7C1425,8,7,0x25,0x14,0x17C00,2BBB57792DA74C6D
1739229594.864928,can0,0x8970504,8,2,0x4,0x5,0x9700,BC3E03134249CF18
1739229594.865981,can0,0x14574C31,8,5,0x31,0x4C,0x5700,6417A63B390D7425
1739229594.867034,can0,0x12E4E3CD,8,4,0xCD,0xE3,0x2E400,DD493954C82DCB67
1739229594.868087,can0,0x1AF41310,8,6,0x10,0xFF,0x2F413,1286867614B8854C
1739229594.86913,can0,0xDB265E0,8,3,0xE0,0x65,0x1B200,42E8F8181A56E00D
1739229594.870184,can0,0x16817BA3,8,5,0xA3,0x7B,0x28100,4387A37D75A6DD44
1739229594.871237,can0,0xAEE6BE4,8,2,0xE4,0x6B,0x2EE00,D47CE85824673275
1739229594.87229,can0,0x6CFA8DD,8,1,0xDD,0xA8,0x2CF00,5DA0821CBCE1325D
1739229594.873343,can0,0x1A4C94FC,8,6,0xFC,0x94,0x24C00,F4C18B1E3E43357A
1739229594.874397,can0,0x1305CFA7,8,4,0xA7,0xCF,0x30500,19D6071C6AFE8C73
1739229594.87545,can0,0x5276D4,8,0,0xD4,0x76,0x5200,1DDB9E44263D9006
1739229594.876504,can0,0x1921C017,8,6,0x17,0xC0,0x12100,4E27F6188A543642
1739229594.877557,can0,0x1E95CD50,8,7,0x50,0xCD,0x29500,1B0BDB2B679E6F16
1739229594.87861,can0,0x660FB18,8,1,0x18,0xFB,0x26000,2C1ECF467924F60C
1739229594.879663,can0,0x12E6B32C,8,4,0x2C,0xB3,0x2E600,0C848134BB0CEF25
1739229594.880716,can0,0xC70946,8,0,0x46,0x9,0xC700,B0FF026BFE939223
1739229594.881769,can0,0x5A4AFBC,8,1,0xBC,0xAF,0x1A400,946BF155D2107B7C
1739229594.882822,can0,0x1AD716E0,8,6,0xE0,0x16,0x2D700,7214C11C30B1FD18
1739229594.883875,can0,0x1809F89C,8,6,0x9C,0xF8,0x900,6EA90D7724738937
1739229594.884928,can0,0x123F3BDB,8,4,0xDB,0x3B,0x23F00,1579134A3E499153
1739229594.885981,can0,0x5CC3A45,8,1,0x45,0x3A,0x1CC00,E9EF650A5B243018
1739229594.887034,can0,0xC5C776B,8,3,0x6B,0x77,0x5C00,00B08763AA4B2631
1739229594.888087,can0,0xE92CBF5,8,3,0xF5,0xCB,0x29200,517D1D62C556015D
1739229594.88913,can0,0x5026A5C,8,1,0x5C,0x6A,0x10200,69787E48F174D023
1739229594.890183,can0,0x11F88ED5,8,4,0xD5,0xFF,0x1F88E,962B657BFEF85158
1739229594.891237,can0,0x17E79B91,8,5,0x91,0x9B,0x3E700,DC342C3CAEF85443
1739229594.89229,can0,0x1B7A2F8F,8,6,0x8F,0x2F,0x37A00,98E4D04142644619
1739229594.893343,can0,0x17F54062,8,5,0x62,0xFF,0x3F540,79FBA73CB4780736
1739229594.894396,can0,0x10F2F192,8,4,0x92,0xFF,0xF2F1,15F4B1142222152D
1739229594.895449,can0,0x87C64B6,8,2,0xB6,0x64,0x7C00,F02FF166379B2877
1739229594.896502,can0,0x1C0DADF4,8,7,0xF4,0xAD,0xD00,356ABD2C218B8E01
1739229594.897555,can0,0x143DD250,8,5,0x50,0xD2,0x3D00,A0E11979213B1665
1739229594.898608,can0,0x5641DFA,8,1,0xFA,0x1D,0x16400,95ADAC0772B83347
1739229594.89966,can0,0x26574BF,8,0,0xBF,0x74,0x26500,F117AF2CDC30B20F
1739229594.900714,can0,0x635E9B1,8,1,0xB1,0xE9,0x23500,C7A6A75E725C170B
1739229594.901767,can0,0x1E87E2AF,8,7,0xAF,0xE2,0x28700,58428F364E914347
1739229594.902819,can0,0x1DCDB5D,8,0,0x5D,0xDB,0x1DC00,E7710932E7751409
1739229594.903872,can0,0x1B233F9F,8,6,0x9F,0x3F,0x32300,49B2FE296071BC45
1739229594.904926,can0,0x112AB854,8,4,0x54,0xB8,0x12A00,DBA3F13A75656E5A
1739229594.905978,can0,0x1E3FDA76,8,7,0x76,0xDA,0x23F00,92086E0366955F41
1739229594.907031,can0,0x156875AE,8,5,0xAE,0x75,0x16800,86B67B1F9BFF1C6E
1739229594.908085,can0,0x16F700CF,8,5,0xCF,0xFF,0x2F700,D688B9533CE13667
1739229594.909139,can0,0x1C0D3BF0,8,7,0xF0,0x3B,0xD00,D0A61D39D18EE36E
1739229594.910192,can0,0x340F463,8,0,0x63,0xF4,0x34000,901B837BC3A6921B
1739229594.911245,can0,0x12F3253F,8,4,0x3F,0xFF,0x2F325,4105B9618A4D3A7A
1739229594.912298,can0,0x1E0A81B1,8,7,0xB1,0x81,0x20A00,F0E74020E28FC930
1739229594.913351,can0,0x54E12FF,8,1,0xFF,0x12,0x14E00,4DC31D22C901D362
1739229594.914404,can0,0xE6288E6,8,3,0xE6,0x88,0x26200,EC02413D13B4D10C
1739229594.915457,can0,0x141EFA46,8,5,0x46,0xFA,0x1E00,40BB6B0EEE57C347
1739229594.91651,can0,0xE8D5FBC,8,3,0xBC,0x5F,0x28D00,B795AB0C8060314B
1739229594.917564,can0,0xFECF522,8,3,0x22,0xF5,0x3EC00,650B14020717AD6A
1739229594.918616,can0,0x1E09F4BD,8,7,0xBD,0xF4,0x20900,340C0B79DD9F663E
1739229594.91967,can0,0x540D5F9,8,1,0xF9,0xD5,0x14000,24481855AE468477
1739229594.920723,can0,0x142464CB,8,5,0xCB,0x64,0x2400,873C59783E620773
1739229594.921776,can0,0xFB70B8E,8,3,0x8E,0xB,0x3B700,C6614C2B7F67C054
1739229594.922829,can0,0x9F15918,8,2,0x18,0xFF,0x1F159,77E356696F4F0175
1739229594.923882,can0,0x1ABAE8FA,8,6,0xFA,0xE8,0x2BA00,77F6A46EBC121F17
1739229594.924936,can0,0x1D8DEAC3,8,7,0xC3,0xEA,0x18D00,5D7F077DA8156054
1739229594.925989,can0,0xA5F9ED6,8,2,0xD6,0x9E,0x25F00,A4792651E9D0CB62
1739229594.927043,can0,0x1222F6C5,8,4,0xC5,0xF6,0x22200,60D9B37FA066776F
1739229594.928096,can0,0x1D545745,8,7,0x45,0x57,0x15400,82CEA06F05728B71
1739229594.92913,can0,0x8016E4C,8,2,0x4C,0x6E,0x100,3FC3AA4D397E966A
1739229594.930185,can0,0x6680E2A,8,1,0x2A,0xE,0x26800,3999EB125DC6AE3F
1739229594.931238,can0,0x1DEC54D8,8,7,0xD8,0x54,0x1EC00,04FE0F47E5020838
1739229594.932291,can0,0x10F3B716,8,4,0x16,0xFF,0xF3B7,9209C716AB645463
1739229594.933344,can0,0x5B41E95,8,1,0x95,0x1E,0x1B400,AA62B8602348AB4C
1739229594.934397,can0,0x1AB56E04,8,6,0x4,0x6E,0x2B500,A44B735B9A3E503B
1739229594.93545,can0,0x11D480C0,8,4,0xC0,0x80,0x1D400,67360139F7BD5738
1739229594.936504,can0,0x6349668,8,1,0x68,0x96,0x23400,3ED560239B377E09
1739229594.937556,can0,0x9006751,8,2,0x51,0x67,0x10000,03CC8355FB103209
1739229594.938609,can0,0x1877CDF1,8,6,0xF1,0xCD,0x7700,4823D8527DDFD278
1739229594.939662,can0,0xA033FF6,8,2,0xF6,0x3F,0x20300,9591D93ABDA27D46
1739229594.940716,can0,0x1499BE2F,8,5,0x2F,0xBE,0x9900,BF9F4161F63B6959
1739229594.94177,can0,0x1448848D,8,5,0x8D,0x84,0x4800,97F42D7FFA397920
1739229594.942823,can0,0xC508772,8,3,0x72,0x87,0x5000,ADAB21108C434037
1739229594.943876,can0,0xFA4EC1D,8,3,0x1D,0xEC,0x3A400,42CAD57536A6F817
1739229594.944929,can0,0x1C503440,8,7,0x40,0x34,0x5000,46388B50DAF16B73
1739229594.945982,can0,0x17A072DA,8,5,0xDA,0x72,0x3A000,06B95F4241286D2C
1739229594.947035,can0,0xFF830D2,8,3,0xD2,0xFF,0x3F830,6E4F94087FFDCD4F
1739229594.948088,can0,0x1976686D,8,6,0x6D,0x68,0x17600,C0B6943182C95125
1739229594.94913,can0,0x2A87969,8,0,0x69,0x79,0x2A800,B1840C4ACBEC2978
1739229594.950184,can0,0x1B7B58E6,8,6,0xE6,0x58,0x37B00,A8C40F54607E0333
1739229594.951237,can0,0x1F8FBA3,8,0,0xA3,0xFF,0x1F8FB,D782A9481F1E4514
1739229594.952291,can0,0x1B623799,8,6,0x99,0x37,0x36200,6407F27CB6127313
1739229594.953344,can0,0x1BDB7193,8,6,0x93,0x71,0x3DB00,D68E426963BE9423
1739229594.954397,can0,0x131BB51F,8,4,0x1F,0xB5,0x31B00,F47AE738A5886A19
1739229594.95545,can0,0xB145B55,8,2,0x55,0x5B,0x31400,34AF3755EBC0F569
1739229594.956502,can0,0x1E804D2F,8,7,0x2F,0x4D,0x28000,0F22D82CF179552C
1739229594.957556,can0,0xAED7571,8,2,0x71,0x75,0x2ED00,E152D03C5FC9E934
1739229594.958608,can0,0x1ABB72F0,8,6,0xF0,0x72,0x2BB00,4EBB46561F807E66
1739229594.959662,can0,0xD3C73,8,0,0x73,0x3C,0xD00,B734EF78D1048B30
1739229594.960715,can0,0x1837293E,8,6,0x3E,0x29,0x3700,9E8D6A1479C99A04
1739229594.961768,can0,0xB3AA79E,8,2,0x9E,0xA7,0x33A00,41896376504C444D
1739229594.962821,can0,0x1F7FC5BD,8,7,0xBD,0xC5,0x37F00,DBC0C531B553364A
1739229594.963874,can0,0x12F2D873,8,4,0x73,0xFF,0x2F2D8,6E32A10D8BE27833
1739229594.964931,can0,0x168796D6,8,5,0xD6,0x96,0x28700,8EE7BC207F5D606C
1739229594.965984,can0,0xFF21F7B,8,3,0x7B,0xFF,0x3F21F,E342D14BB40C9841
1739229594.967037,can0,0x19E7E066,8,6,0x66,0xE0,0x1E700,1390516AC32E706E
1739229594.96809,can0,0x63D5A57,8,1,0x57,0x5A,0x23D00,84053F35A481402B
1739229594.96913,can0,0x1B2723B6,8,6,0xB6,0x23,0x32700,7478FA4FF23C8701
1739229594.970183,can0,0x1A5A3D6,8,0,0xD6,0xA3,0x1A500,E7B40710AA71767A
1739229594.971236,can0,0x1230A8A7,8,4,0xA7,0xA8,0x23000,25DE3E4848FFE00E
1739229594.972289,can0,0x16CB7220,8,5,0x20,0x72,0x2CB00,C385793389884405
1739229594.973342,can0,0x40FBE70,8,1,0x70,0xBE,0xF00,804BF93264490A37
1739229594.974396,can0,0xE461225,8,3,0x25,0x12,0x24600,F323EC45D37BAB44
1739229594.975449,can0,0x1BEF4B1,8,0,0xB1,0xF4,0x1BE00,C9BA737C61636865
1739229594.976502,can0,0xE1F5230,8,3,0x30,0x52,0x21F00,44DA654C44A63931
1739229594.977555,can0,0xFB75EE4,8,3,0xE4,0x5E,0x3B700,AABA4D0657368B1B
1739229594.978608,can0,0x1E278DA7,8,7,0xA7,0x8D,0x22700,01158B6CDB3BCA50
1739229594.979661,can0,0x9680F4B,8,2,0x4B,0xF,0x16800,B838B20750B4C420
1739229594.980714,can0,0xAEF4C3E,8,2,0x3E,0x4C,0x2EF00,8EDC57093769CC30
1739229594.981767,can0,0x565BDE8,8,1,0xE8,0xBD,0x16500,3585883B5D470B79
1739229594.98282,can0,0x1446BD30,8,5,0x30,0xBD,0x4600,55F7537220CD842C
1739229594.983873,can0,0x198B45B9,8,6,0xB9,0x45,0x18B00,C5B56376A1187E5F
1739229594.984927,can0,0x10958F1E,8,4,0x1E,0x8F,0x9500,EBC7A944943C6A25
1739229594.985979,can0,0x15410AF1,8,5,0xF1,0xA,0x14100,9CBC68465EF7DD21
1739229594.987033,can0,0x1AA96E52,8,6,0x52,0x6E,0x2A900,CC0E8834A2D1436E
1739229594.988086,can0,0xBE31496,8,2,0x96,0x14,0x3E300,B16D3F644D8C9174
1739229594.98913,can0,0x76E4AEE,8,1,0xEE,0x4A,0x36E00,58FB66024EA11C61
1739229594.990183,can0,0x183886C9,8,6,0xC9,0x86,0x3800,A40ACF4B06DACE68
1739229594.991237,can0,0x18FD3B19,8,6,0x19,0xFF,0xFD3B,E256BE1694B62672
1739229594.99229,can0,0x9C9A451,8,2,0x51,0xA4,0x1C900,CA14245CC93BAF2D
1739229594.993343,can0,0x2D4EBAE,8,0,0xAE,0xEB,0x2D400,FAD16A301E330320
1739229594.994396,can0,0xF59B8CE,8,3,0xCE,0xB8,0x35900,B317F609E4E86616
1739229594.995449,can0,0xED7D16F,8,3,0x6F,0xD1,0x2D700,D1A68B1ACFB0105B
1739229594.996502,can0,0x14420E04,8,5,0x4,0xE,0x4200,C2B1CC6F6B6D7921
1739229594.997555,can0,0x16200562,8,5,0x62,0x5,0x22000,1420762A377C0156
1739229594.998608,can0,0x463D704,8,1,0x4,0xD7,0x6300,AB345916E8E9403A
1739229594.999661,can0,0x18F56351,8,6,0x51,0xFF,0xF563,997FC71D41E5A73C
1739229595.000715,can0,0x1A1204A0,8,6,0xA0,0x4,0x21200,62060076E5EF7608
1739229595.001768,can0,0x2E0DEA6,8,0,0xA6,0xDE,0x2E000,7C41FD6EC746351F
1739229595.002821,can0,0x1507953B,8,5,0x3B,0x95,0x10700,CDE5C618915B597B
1739229595.003874,can0,0x2B6D104,8,0,0x4,0xD1,0x2B600,7BD19B3B8B2DC42B
1739229595.004927,can0,0x2BA0423,8,0,0x23,0x4,0x2BA00,498AF50A3E45BA35
1739229595.00598,can0,0x1920ED07,8,6,0x7,0xED,0x12000,B95BCD3910EC4550
1739229595.007033,can0,0x14319DD6,8,5,0xD6,0x9D,0x3100,BD690F0ED29D1240
1739229595.008086,can0,0x15AB0B41,8,5,0x41,0xB,0x1AB00,1F6F2F04E7BD886A
1739229595.00913,can0,0xBAC8778,8,2,0x78,0x87,0x3AC00,2346936892F2E100
1739229595.010183,can0,0x5ED7161,8,1,0x61,0x71,0x1ED00,75A988412B72A91E
1739229595.011236,can0,0x29556A2,8,0,0xA2,0x56,0x29500,15AE9A7B8D78A914
1739229595.012289,can0,0xB0C4687,8,2,0x87,0x46,0x30C00,BB8C7B1E09BAA603
1739229595.013342,can0,0xA418D4E,8,2,0x4E,0x8D,0x24100,F6218333D69F6D1C
1739229595.014395,can0,0x59AE8DF,8,1,0xDF,0xE8,0x19A00,FBF2397651710958
1739229595.015448,can0,0x115F166A,8,4,0x6A,0x16,0x15F00,1EF7F3589BFBFE62
1739229595.016501,can0,0x7195BA8,8,1,0xA8,0x5B,0x31900,25E414525457CC1C
1739229595.017554,can0,0x175F47B8,8,5,0xB8,0x47,0x35F00,FB81462611C1DB2A
1739229595.018607,can0,0x1771E58B,8,5,0x8B,0xE5,0x37100,3C8DF11B30300B2F
1739229595.01966,can0,0x1FAA372,8,0,0x72,0xFF,0x1FAA3,B4149E6753769E17
1739229595.020713,can0,0x2DC9604,8,0,0x4,0x96,0x2DC00,15868B6DC81F2759
1739229595.021766,can0,0x186082F,8,0,0x2F,0x8,0x18600,B7DC2030DDCDC154
1739229595.022819,can0,0x162F80BC,8,5,0xBC,0x80,0x22F00,3E232D7B995A3D73
1739229595.023872,can0,0x19D63AC6,8,6,0xC6,0x3A,0x1D600,8CB06E658F7CC026
1739229595.024926,can0,0x1643DA9C,8,5,0x9C,0xDA,0x24300,6B99094B8A6FFA1C
1739229595.025979,can0,0xE4D4BEE,8,3,0xEE,0x4B,0x24D00,D5AF685CA866EE75
1739229595.027032,can0,0x114C4789,8,4,0x89,0x47,0x14C00,7E0B8223CD4A0348
1739229595.028086,can0,0xE189EDD,8,3,0xDD,0x9E,0x21800,3653E13AC8CC496E
1739229595.02913,can0,0x18F45FEE,8,6,0xEE,0xFF,0xF45F,C1385312045A3B0A
1739229595.030183,can0,0x7FF901E,8,1,0x1E,0xFF,0x3FF90,33DC4D54B96ED971
1739229595.031236,can0,0x1F9E0671,8,7,0x71,0x6,0x39E00,37722A17CEF4645F
1739229595.03229,can0,0x18C5263A,8,6,0x3A,0x26,0xC500,667AB07886D1850F
1739229595.033343,can0,0xD86F417,8,3,0x17,0xF4,0x18600,23FBDF6EC4F4B20A
1739229595.034396,can0,0xC44EB0,8,0,0xB0,0x4E,0xC400,E935B66851A52170
1739229595.035449,can0,0x784CB40,8,1,0x40,0xCB,0x38400,8510FA7EBC3E2B3B
1739229595.036502,can0,0x47F3ACA,8,1,0xCA,0x3A,0x7F00,735C476D92EE9317
1739229595.037555,can0,0x1A6DA173,8,6,0x73,0xA1,0x26D00,FCA3933E10FA153B
1739229595.038608,can0,0x270EC40,8,0,0x40,0xEC,0x27000,D942AC2C464DF775
1739229595.039661,can0,0x10BAB909,8,4,0x9,0xB9,0xBA00,C7A2A04508864A08
1739229595.040715,can0,0x1AF6130D,8,6,0xD,0xFF,0x2F613,E532A00D3B62985C
1739229595.041769,can0,0xCCF81C6,8,3,0xC6,0x81,0xCF00,57393E6D73D4C273
1739229595.042821,can0,0xC347695,8,3,0x95,0x76,0x3400,915F0326D94E736C
1739229595.043874,can0,0x1BBA481B,8,6,0x1B,0x48,0x3BA00,A8538A33FC49535B
1739229595.044927,can0,0x66D3CDF,8,1,0xDF,0x3C,0x26D00,59A24E34E57F0944
1739229595.04598,can0,0x168EE230,8,5,0x30,0xE2,0x28E00,996DD35B6B900343
1739229595.047033,can0,0x11BA20ED,8,4,0xED,0x20,0x1BA00,63A85220DEEC4A30
1739229595.048087,can0,0x94E0F7F,8,2,0x7F,0xF,0x14E00,D649C05ADB90DE6E
1739229595.04913,can0,0x464098F,8,1,0x8F,0x9,0x6400,1736315DB4D38A1B
1739229595.050183,can0,0x1A5B56D5,8,6,0xD5,0x56,0x25B00,20EFEB4D7C762B61
1739229595.051237,can0,0x2A5DCDD,8,0,0xDD,0xDC,0x2A500,2D02E24861A9CB6E
1739229595.05229,can0,0x1F3E3F19,8,7,0x19,0x3F,0x33E00,F483B135B8E2095C
1739229595.053343,can0,0x1301138C,8,4,0x8C,0x13,0x30100,89FAE50149420D02
1739229595.054396,can0,0x1F746265,8,7,0x65,0x62,0x37400,A442A05DF2959735
1739229595.055449,can0,0x1AC7AC62,8,6,0x62,0xAC,0x2C700,837F0D444B38E669
1739229595.056502,can0,0x1ED12C47,8,7,0x47,0x2C,0x2D100,B4619C1AE4A5B945
1739229595.057555,can0,0x1D4BCB2,8,0,0xB2,0xBC,0x1D400,A182562C474E0C66
1739229595.058609,can0,0x121FA991,8,4,0x91,0xA9,0x21F00,2092A4551E98CC40
1739229595.059662,can0,0xFE3A6C,8,0,0x6C,0xFF,0xFE3A,AF9B083A35CEFD1D
1739229595.060715,can0,0x1C890E20,8,7,0x20,0xE,0x8900,84F2631455BDE96B
1739229595.061768,can0,0x1DB4849C,8,7,0x9C,0x84,0x1B400,62CF097782BFCB34
1739229595.062821,can0,0xC802DFE,8,3,0xFE,0x2D,0x8000,7B0E483676437D6A
1739229595.063874,can0,0x88A10B6,8,2,0xB6,0x10,0x8A00,07224969FF3D636C
1739229595.064929,can0,0xA975300,8,2,0x0,0x53,0x29700,6C84BD08A380034A
1739229595.065981,can0,0x2EE8F2,8,0,0xF2,0xE8,0x2E00,CE3085032700110E
1739229595.067035,can0,0xA15213D,8,2,0x3D,0x21,0x21500,165D5642DB61AD28
1739229595.068088,can0,0xFCEC721,8,3,0x21,0xC7,0x3CE00,C8192B447CE40355
1739229595.06913,can0,0x15DB1568,8,5,0x68,0x15,0x1DB00,59C34A769C76A82A
1739229595.070184,can0,0x16A7AD86,8,5,0x86,0xAD,0x2A700,C5FD48174B12B164
1739229595.071237,can0,0x14A57BBB,8,5,0xBB,0x7B,0xA500,E60BD253CF041579
1739229595.07229,can0,0x8F3910,8,0,0x10,0x39,0x8F00,8290867131D41E70
1739229595.073343,can0,0x155AF893,8,5,0x93,0xF8,0x15A00,80BE067EACE26626
1739229595.074397,can0,0x1FD83C09,8,7,0x9,0x3C,0x3D800,37CF9066B304B00F
1739229595.075451,can0,0xC3B7A09,8,3,0x9,0x7A,0x3B00,3722285120896D18
1739229595.076504,can0,0x163EFAAC,8,5,0xAC,0xFA,0x23E00,290B5771EEB9F21B
1739229595.077557,can0,0x44FFAD3,8,1,0xD3,0xFA,0x4F00,662C6C7B0417495E
1739229595.07861,can0,0xCFD5CAE,8,3,0xAE,0xFF,0xFD5C,87F33A4BCD307422
1739229595.079663,can0,0x201412A,8,0,0x2A,0x41,0x20100,EF08160126F4BE18
1739229595.080715,can0,0xCA9B7C6,8,3,0xC6,0xB7,0xA900,76B6BD77ECF10730
1739229595.081769,can0,0x115ACA11,8,4,0x11,0xCA,0x15A00,3132630CD2FDD903
1739229595.082822,can0,0xA6FCEE1,8,2,0xE1,0xCE,0x26F00,426BF20C548E6075
1739229595.083874,can0,0x1A8EA312,8,6,0x12,0xA3,0x28E00,D5634D42D54C6773
1739229595.084928,can0,0xF585BF,8,0,0xBF,0xFF,0xF585,DE9F25620C1CF859
1739229595.085981,can0,0x10A58A72,8,4,0x72,0x8A,0xA500,E719616E433E202B
1739229595.087034,can0,0x9131392,8,2,0x92,0x13,0x11300,9414A0446C49771C
1739229595.088087,can0,0x505CD81,8,1,0x81,0xCD,0x10500,670FF028D275E317
1739229595.08913,can0,0x34EE485,8,0,0x85,0xE4,0x34E00,166CED3559691E63
1739229595.090183,can0,0x5C31552,8,1,0x52,0x15,0x1C300,40ADEE1748723464
1739229595.091236,can0,0x1E820979,8,7,0x79,0x9,0x28200,07659824BE28F25B
1739229595.092289,can0,0xE89FB65,8,3,0x65,0xFB,0x28900,182FF315F05A5568
1739229595.093343,can0,0x1263F937,8,4,0x37,0xF9,0x26300,F9FD620032C64775
1739229595.094396,can0,0x7C4878B,8,1,0x8B,0x87,0x3C400,0CA1F15A072A9537
1739229595.095449,can0,0x1B2BD460,8,6,0x60,0xD4,0x32B00,CB26E75BE5C9BA19
1739229595.096502,can0,0x1523F06C,8,5,0x6C,0xF0,0x12300,3DB18C6CCDE31B08
1739229595.097555,can0,0x442EAF,8,0,0xAF,0x2E,0x4400,D0C49F1561F8BB4C
1739229595.098608,can0,0x1CBB781B,8,7,0x1B,0x78,0xBB00,5192A55AC807AC75
1739229595.099661,can0,0x149EEDED,8,5,0xED,0xED,0x9E00,D676F47DDE73992B
1739229595.100714,can0,0x17BD5746,8,5,0x46,0x57,0x3BD00,298CB7431F218843
1739229595.101767,can0,0x1BF1C98F,8,6,0x8F,0xFF,0x3F1C9,A295392226862068
1739229595.102821,can0,0x17E3F24D,8,5,0x4D,0xF2,0x3E300,0791C3303EB5137E
1739229595.103874,can0,0x394D3D,8,0,0x3D,0x4D,0x3900,3E8A274338B3767E
1739229595.104927,can0,0x1581136F,8,5,0x6F,0x13,0x18100,C911EC4A44546859
1739229595.10598,can0,0xD163D76,8,3,0x76,0x3D,0x11600,2AE617460F7B4F35
1739229595.107033,can0,0x6D1075C,8,1,0x5C,0x7,0x2D100,96D63B1B4C2CDC21
1739229595.108087,can0,0xEECEB29,8,3,0x29,0xEB,0x2EC00,4605801B1CF17B37
1739229595.109141,can0,0x1BA8E38A,8,6,0x8A,0xE3,0x3A800,617D3B386D832112
1739229595.110195,can0,0x1154EB52,8,4,0x52,0xEB,0x15400,4F6BDA6C44FA1510
1739229595.111248,can0,0x1CEE5F31,8,7,0x31,0x5F,0xEE00,95C297046D86CD53
1739229595.112301,can0,0x768050,8,0,0x50,0x80,0x7600,248C89000F1C0776
1739229595.113354,can0,0x8970676,8,2,0x76,0x6,0x9700,727E6D5816ADCA26
1739229595.114407,can0,0x6AABBB4,8,1,0xB4,0xBB,0x2AA00,AFCBA6185437F269
1739229595.11546,can0,0x5216EEC,8,1,0xEC,0x6E,0x12100,1FDF274E1D49DE34
1739229595.116513,can0,0x1E89C330,8,7,0x30,0xC3,0x28900,951C3E3B472FF67A
1739229595.117567,can0,0x13D93E3F,8,4,0x3F,0x3E,0x3D900,F1230F42DE053216
1739229595.11862,can0,0x15B56A8C,8,5,0x8C,0x6A,0x1B500,1A0FFC50240BB231
1739229595.119673,can0,0xD315BA8,8,3,0xA8,0x5B,0x13100,A4F2A42C8588ED69
1739229595.120726,can0,0x1F52DF16,8,7,0x16,0xDF,0x35200,F7DDF97DD4F3C756
1739229595.12178,can0,0xF68D95A,8,3,0x5A,0xD9,0x36800,283DE87A6AB65F5B
1739229595.122833,can0,0x3365FC7,8,0,0xC7,0x5F,0x33600,78BD5E3B8E42E95B
1739229595.123886,can0,0x193D7BD6,8,6,0xD6,0x7B,0x13D00,EEC3F56300C15634
1739229595.124939,can0,0x828EC,8,0,0xEC,0x28,0x800,A27FA00AB08CFD4C
1739229595.125993,can0,0x9FA6040,8,2,0x40,0xFF,0x1FA60,8FEEC12FCF6B251B
1739229595.127048,can0,0x1ED8A95D,8,7,0x5D,0xA9,0x2D800,BFB14B2E64886356
1739229595.128101,can0,0x19CED8A5,8,6,0xA5,0xD8,0x1CE00,FFEF246256AC7218
1739229595.129131,can0,0x1000DE83,8,4,0x83,0xDE,0x0,8B5ADA3770BB6E69
1739229595.130184,can0,0x1B2E9A7,8,0,0xA7,0xE9,0x1B200,33B60B4515AE1316
1739229595.131238,can0,0xBA0722C,8,2,0x2C,0x72,0x3A000,49955E640C8C0D14
1739229595.132292,can0,0x2686601,8,0,0x1,0x66,0x26800,A36EC71334C9F50E
1739229595.133345,can0,0x1DC81C6B,8,7,0x6B,0x1C,0x1C800,6ACEFD16AC86544A
1739229595.1344,can0,0x19B15EF9,8,6,0xF9,0x5E,0x1B100,404A3B109A4A4A2E
1739229595.135454,can0,0xE081FFA,8,3,0xFA,0x1F,0x20800,2C7343303CCAEA38
1739229595.136507,can0,0x1B05ACAA,8,6,0xAA,0xAC,0x30500,6CD33D3ACBB8AC68
1739229595.13756,can0,0x162B1879,8,5,0x79,0x18,0x22B00,CA7C16798B6AF816
1739229595.138613,can0,0xC8EA0DD,8,3,0xDD,0xA0,0x8E00,6F55E5328A5A1D79
1739229595.139666,can0,0x5014D33,8,1,0x33,0x4D,0x10100,F233E60215B5F730
1739229595.140719,can0,0xE7008A4,8,3,0xA4,0x8,0x27000,991D9904486B0376
1739229595.141772,can0,0x483B6B9,8,1,0xB9,0xB6,0x8300,C58F39709200625A
1739229595.142825,can0,0x189142C5,8,6,0xC5,0x42,0x9100,C6F5A132356F296E
1739229595.143878,can0,0x7870BF9,8,1,0xF9,0xB,0x38700,31126A50A03D2705
1739229595.144932,can0,0x11DB92A5,8,4,0xA5,0x92,0x1DB00,2B711B4AE0876215
1739229595.145985,can0,0x25DD3F,8,0,0x3F,0xDD,0x2500,259123780DFBA545
1739229595.147038,can0,0x1910A77B,8,6,0x7B,0xA7,0x11000,CF3D297379CEE37F
1739229595.148091,can0,0x1BD6047,8,0,0x47,0x60,0x1BD00,48565409434BFA78
1739229595.149131,can0,0x18B5CAD2,8,6,0xD2,0xCA,0xB500,25F7E275B2A0DF2B
1739229595.150184,can0,0x11D3255C,8,4,0x5C,0x25,0x1D300,5944E47AA4D4C52E
1739229595.151237,can0,0x2CADA71,8,0,0x71,0xDA,0x2CA00,FD4C54693DF25E33
1739229595.15229,can0,0x18CE45B9,8,6,0xB9,0x45,0xCE00,B603D86D03829823
1739229595.153343,can0,0x1330464B,8,4,0x4B,0x46,0x33000,7B466906C9773A56
1739229595.154397,can0,0x159B581,8,0,0x81,0xB5,0x15900,7452F02DFB89A426
1739229595.15545,can0,0x680F321,8,1,0x21,0xF3,0x28000,19E5CB1F26FBBF70
1739229595.156502,can0,0x1BE37B01,8,6,0x1,0x7B,0x3E300,58C2F13F4B8CE368
1739229595.157556,can0,0x189760E,8,0,0xE,0x76,0x18900,D36902191ACA0C5C
1739229595.158609,can0,0x16D4488,8,0,0x88,0x44,0x16D00,1ACABF5A62206165
1739229595.159662,can0,0x1A678FCB,8,6,0xCB,0x8F,0x26700,EC9475338717445B
1739229595.160715,can0,0x647307E,8,1,0x7E,0x30,0x24700,48BA4805E05B2856
1739229595.161768,can0,0x150D0522,8,5,0x22,0x5,0x10D00,B9941308DDA87C3F
1739229595.162821,can0,0x86BF760,8,2,0x60,0xF7,0x6B00,73DAE10093AC542D
1739229595.163873,can0,0xC047963,8,3,0x63,0x79,0x400,BE2012540EF3BD33
1739229595.164927,can0,0x23EF12C,8,0,0x2C,0xF1,0x23E00,3FD66B158245AE61
1739229595.16598,can0,0x8E37B27,8,2,0x27,0x7B,0xE300,60C9EC5B9B2A7A01
1739229595.167033,can0,0x19A3764D,8,6,0x4D,0x76,0x1A300,6244D037F3EC6B41
1739229595.168086,can0,0x2870298,8,0,0x98,0x2,0x28700,70BA5959C7566E5A
1739229595.16913,can0,0x1E93CCB2,8,7,0xB2,0xCC,0x29300,F8FEC67AE1202E35
1739229595.170183,can0,0x3F4ED14,8,0,0x14,0xFF,0x3F4ED,C48E2E15CEB5A368
1739229595.171241,can0,0x1F39049C,8,7,0x9C,0x4,0x33900,42BF755B1670EC6D
1739229595.172294,can0,0x1561607C,8,5,0x7C,0x60,0x16100,64C48250D0040076
1739229595.173347,can0,0x14DE095A,8,5,0x5A,0x9,0xDE00,C4BBEE7843DFE176
1739229595.174401,can0,0x232B5ED,8,0,0xED,0xB5,0x23200,2735F3440100F44A
1739229595.175455,can0,0x15F0A8FC,8,5,0xFC,0xFF,0x1F0A8,5426326741D65F60
1739229595.176507,can0,0x179EEE7E,8,5,0x7E,0xEE,0x39E00,7BA11530A19F4C3C
1739229595.17756,can0,0x1919191A,8,6,0x1A,0x19,0x11900,C917B96903E41C74
1739229595.178614,can0,0x1A85060D,8,6,0xD,0x6,0x28500,611A400C749E764D
1739229595.179667,can0,0x14F35CD4,8,5,0xD4,0xFF,0xF35C,14E7D30A6C9D3D48
1739229595.180719,can0,0xA217DB6,8,2,0xB6,0x7D,0x22100,28D4C86E302C6C5D
1739229595.181773,can0,0x12C53384,8,4,0x84,0x33,0x2C500,C4D8012E72EBE138
1739229595.182826,can0,0xB1A39A,8,0,0x9A,0xA3,0xB100,41396343D7AF6409
1739229595.183879,can0,0x16B1A86A,8,5,0x6A,0xA8,0x2B100,9B4241189B6B5302
1739229595.184932,can0,0xD9387AD,8,3,0xAD,0x87,0x19300,88F8731AC3A04647
1739229595.185985,can0,0x188787AF,8,6,0xAF,0x87,0x8700,84A1645017C7782E
1739229595.187038,can0,0x18E75DF0,8,6,0xF0,0x5D,0xE700,0390036892688E5E
1739229595.188091,can0,0x1533FD91,8,5,0x91,0xFD,0x13300,1DA91C015B804748
1739229595.18913,can0,0x950E195,8,2,0x95,0xE1,0x15000,2AAFA15BBD9A8754
1739229595.190139,can0,0x16C78009,8,5,0x9,0x80,0x2C700,FF0B9510D1815B5F
1739229595.191194,can0,0x1F051D75,8,7,0x75,0x1D,0x30500,B589B67AF955244E
1739229595.192247,can0,0x1C7149A6,8,7,0xA6,0x49,0x7100,39BD7B4DBE2E267C
1739229595.1933,can0,0x15533518,8,5,0x18,0x35,0x15300,D3602D0EFF67893F
1739229595.194354,can0,0x1EB7E4EF,8,7,0xEF,0xE4,0x2B700,3E09DF449AAACA57
1739229595.195406,can0,0x10B508B,8,0,0x8B,0x50,0x10B00,EB90727222A33E72
1739229595.196459,can0,0x851F14E,8,2,0x4E,0xF1,0x5100,9A18FA6AA744A342
1739229595.197513,can0,0x16CAB865,8,5,0x65,0xB8,0x2CA00,8A76E143AAD4A62A
1739229595.198566,can0,0x155920F7,8,5,0xF7,0x20,0x15900,1C741559C77DC32B
1739229595.199619,can0,0x1DA0A153,8,7,0x53,0xA1,0x1A000,B1556662F12C6507
1739229595.200672,can0,0x12283C10,8,4,0x10,0x3C,0x22800,BAD52D39F038FA17
1739229595.201725,can0,0x1183BDE1,8,4,0xE1,0xBD,0x18300,2FF33258A5C2B012
1739229595.202778,can0,0x1FA813DA,8,7,0xDA,0x13,0x3A800,D53CA454DE7F2C60
1739229595.203831,can0,0x1BCE4298,8,6,0x98,0x42,0x3CE00,EE71F709B2E0596E
1739229595.204884,can0,0x1B57AA97,8,6,0x97,0xAA,0x35700,DD56AF48F0E93833
1739229595.205937,can0,0x13225531,8,4,0x31,0x55,0x32200,68A7BA09DB7AAB25
1739229595.20699,can0,0x560F854,8,1,0x54,0xF8,0x16000,B6980C127693A510
1739229595.208043,can0,0x8043CFB,8,2,0xFB,0x3C,0x400,1B51D748000A8754
1739229595.209097,can0,0x12AB11A5,8,4,0xA5,0x11,0x2AB00,1372305E1C7E9C2D
1739229595.21013,can0,0x1E6E8F6C,8,7,0x6C,0x8F,0x26E00,6613D13BCDD30210
1739229595.211183,can0,0x5D3BC5D,8,1,0x5D,0xBC,0x1D300,764FF96D87A93049
1739229595.212236,can0,0x1DCDF54E,8,7,0x4E,0xF5,0x1CD00,570D7D7FB79C6321
1739229595.213289,can0,0x107EB7F3,8,4,0xF3,0xB7,0x7E00,3121255F8CD90776
1739229595.214342,can0,0x10AB37D2,8,4,0xD2,0x37,0xAB00,CA63F33A7A4BFF7F
1739229595.215395,can0,0x1F051884,8,7,0x84,0x18,0x30500,610E4B5658A2AE48
1739229595.216448,can0,0x123E0274,8,4,0x74,0x2,0x23E00,93636D49C0496952
1739229595.217501,can0,0x17E97D4F,8,5,0x4F,0x7D,0x3E900,E75BCE2E77E27564
1739229595.218554,can0,0x88F10C5,8,2,0xC5,0x10,0x8F00,E298D25692334D2D
1739229595.219608,can0,0x1D161AC6,8,7,0xC6,0x1A,0x11600,87AA7D29A5A57D0B
1739229595.220661,can0,0xAB298E2,8,2,0xE2,0x98,0x2B200,F339EC270BB94E47
1739229595.221713,can0,0x1AB56CB0,8,6,0xB0,0x6C,0x2B500,50F6BF2D81084835
1739229595.222766,can0,0x3E61637,8,0,0x37,0x16,0x3E600,9EEB8D4BD815C534
1739229595.22382,can0,0x549B2EE,8,1,0xEE,0xB2,0x14900,92A30C7C0A37EA13
1739229595.224873,can0,0x1B518C7B,8,6,0x7B,0x8C,0x35100,64DBB70CD49ADD4E
1739229595.225926,can0,0x1B50D7F5,8,6,0xF5,0xD7,0x35000,E8F3BC0B35A92825
1739229595.226979,can0,0x3FF7A4D,8,0,0x4D,0xFF,0x3FF7A,5CF6FA3DC80C966E
1739229595.228032,can0,0x1668C40E,8,5,0xE,0xC4,0x26800,AB73E415AF68641D
1739229595.229085,can0,0x1ADEA685,8,6,0x85,0xA6,0x2DE00,7184737E91013774
1739229595.23013,can0,0x82BDA17,8,2,0x17,0xDA,0x2B00,379F893B18ACB41D
1739229595.231183,can0,0x13A97FBD,8,4,0xBD,0x7F,0x3A900,19383C260BE6A045
1739229595.232236,can0,0x1AF838C8,8,6,0xC8,0xFF,0x2F838,C9A4F1205CDC6073
1739229595.233289,can0,0x1040414A,8,4,0x4A,0x41,0x4000,01BBD764FAC7EE3E
1739229595.234342,can0,0x5055722,8,1,0x22,0x57,0x10500,EF6D214A8C6BFB3A
1739229595.235395,can0,0x18EF8E2C,8,6,0x2C,0x8E,0xEF00,6AFA7225F046B347
1739229595.236449,can0,0x7CD2900,8,1,0x0,0x29,0x3CD00,60D2C300D83A7053
1739229595.237502,can0,0xCF5D236,8,3,0x36,0xFF,0xF5D2,AD4CC32434316B11
1739229595.238555,can0,0x1B8BDEFE,8,6,0xFE,0xDE,0x38B00,BB102C1BE0A44F27
1739229595.239608,can0,0x18F047AE,8,6,0xAE,0xFF,0xF047,40B70A765129C325
1739229595.240662,can0,0xD27493F,8,3,0x3F,0x49,0x12700,5891367E88C84C61
1739229595.241715,can0,0xADBF558,8,2,0x58,0xF5,0x2DB00,1511E011A1008907
1739229595.242768,can0,0x107CDB63,8,4,0x63,0xDB,0x7C00,DD49D86C6BA57A28
1739229595.243821,can0,0x3DDB7BF,8,0,0xBF,0xB7,0x3DD00,278B187D6C60520D
1739229595.244874,can0,0x2CC7FBA,8,0,0xBA,0x7F,0x2CC00,4AE21D425BCE7357
1739229595.245927,can0,0x1DC7EB46,8,7,0x46,0xEB,0x1C700,76700D1BC6C8E67C
1739229595.24698,can0,0x57B3237,8,1,0x37,0x32,0x17B00,7799DA42269BAA7D
1739229595.248034,can0,0x18EB6D0F,8,6,0xF,0x6D,0xEB00,AD6BD00FD3E76D22
1739229595.249086,can0,0xA569E44,8,2,0x44,0x9E,0x25600,AB4A5C4B8FF8993D
1739229595.250129,can0,0x11A64324,8,4,0x24,0x43,0x1A600,59924C24CFAFA433
1739229595.251183,can0,0x17696C75,8,5,0x75,0x6C,0x36900,99DB73712741DB31
1739229595.252237,can0,0x18B634FD,8,6,0xFD,0x34,0xB600,F1D04F5C3C52BB43
1739229595.25329,can0,0x3F359E,8,0,0x9E,0x35,0x3F00,54ACCC0C1A9C9330
1739229595.254343,can0,0x8B9DB09,8,2,0x9,0xDB,0xB900,1464AA304127AC2D
1739229595.255396,can0,0x160C3B75,8,5,0x75,0x3B,0x20C00,CEE376138B09CA6F
1739229595.256449,can0,0xD8009D1,8,3,0xD1,0x9,0x18000,14CF3E31027AD70A
1739229595.257502,can0,0xA66D297,8,2,0x97,0xD2,0x26600,4B01BA167913B24D
1739229595.258555,can0,0x8116DBD,8,2,0xBD,0x6D,0x1100,5B6EA54F267F825D
1739229595.259608,can0,0xA7F5590,8,2,0x90,0x55,0x27F00,9F0CFC19D1C9DE28
1739229595.260661,can0,0x8194E1F,8,2,0x1F,0x4E,0x1900,C34FA20B2B5C2B4D
1739229595.261714,can0,0x1BBDFDEF,8,6,0xEF,0xFD,0x3BD00,38BC0B23C4379F3E
1739229595.262767,can0,0xD993F16,8,3,0x16,0x3F,0x19900,35F1C11BB508EF1A
1739229595.26382,can0,0x11549153,8,4,0x53,0x91,0x15400,D326011C09B5BB27
1739229595.264873,can0,0x1E82D6D,8,0,0x6D,0x2D,0x1E800,DD01BB441D196658
1739229595.265926,can0,0xF9454AE,8,3,0xAE,0x54,0x39400,523DC77AEBFCDC6B
1739229595.26698,can0,0x1F5E5E3A,8,7,0x3A,0x5E,0x35E00,2347470800CC1B1D
1739229595.268033,can0,0xA35D83C,8,2,0x3C,0xD8,0x23500,BA19AE124BCDD533
1739229595.269086,can0,0x17E7EBB5,8,5,0xB5,0xEB,0x3E700,7787BF1AA63B7B03
1739229595.270139,can0,0x156A6ADB,8,5,0xDB,0x6A,0x16A00,08DD3E454548771D
1739229595.271193,can0,0x1E4934AC,8,7,0xAC,0x34,0x24900,272B582D08981929
1739229595.272246,can0,0xB7490D7,8,2,0xD7,0x90,0x37400,162916494054254C
1739229595.273299,can0,0xA13C89B,8,2,0x9B,0xC8,0x21300,2D68AF167545E767
1739229595.274353,can0,0x502D150,8,1,0x50,0xD1,0x10200,80F90328496CE803
1739229595.275408,can0,0xCBE865A,8,3,0x5A,0x86,0xBE00,ED26EC69266EA348
1739229595.276461,can0,0x5249F77,8,1,0x77,0x9F,0x12400,9B7B805978AB6A43
1739229595.277514,can0,0x11019C63,8,4,0x63,0x9C,0x10100,D5D9DE389CF2B14B
1739229595.278567,can0,0xE1D6863,8,3,0x63,0x68,0x21D00,11B21423560C605E
1739229595.27962,can0,0x1F335AE,8,0,0xAE,0xFF,0x1F335,C69DFC5ACE931F79
1739229595.280673,can0,0x56E7155,8,1,0x55,0x71,0x16E00,A1086770D6705E3E
1739229595.281726,can0,0x2E5B99A,8,0,0x9A,0xB9,0x2E500,4E3DB02EFD9BB66B
1739229595.28278,can0,0xBFF51A3,8,2,0xA3,0xFF,0x3FF51,25CE243A14C5CC34
1739229595.283833,can0,0x1824A5E3,8,6,0xE3,0xA5,0x2400,C1963804412D7C4B
1739229595.284886,can0,0xBEB59,8,0,0x59,0xEB,0xB00,11683B69C1268073
1739229595.285939,can0,0x3F457A2,8,0,0xA2,0xFF,0x3F457,6BEEF975AE4D6C5D
1739229595.286992,can0,0xC97C5C8,8,3,0xC8,0xC5,0x9700,E38D1E5B49C9EC36
1739229595.288045,can0,0x10027140,8,4,0x40,0x71,0x200,462A202C1FA3CB6F
1739229595.289098,can0,0x1BB463DC,8,6,0xDC,0x63,0x3B400,A9923D1A3055E012
1739229595.290151,can0,0x1A147033,8,6,0x33,0x70,0x21400,57C8303CF7F2DC6D
1739229595.291204,can0,0x13340401,8,4,0x1,0x4,0x33400,AC399F6198FB435E
1739229595.292258,can0,0x119274D7,8,4,0xD7,0x74,0x19200,47F38424E638F40C
1739229595.293311,can0,0x1D4910D4,8,7,0xD4,0x10,0x14900,EA4484100C071947
1739229595.294364,can0,0x1215D5E8,8,4,0xE8,0xD5,0x21500,CDEAA848CD9D514B
1739229595.295417,can0,0x1D920329,8,7,0x29,0x3,0x19200,26D6B468DE058D34
1739229595.29647,can0,0x111229EA,8,4,0xEA,0x29,0x11200,C82DA90C4AF4862A
1739229595.297522,can0,0xE7E7798,8,3,0x98,0x77,0x27E00,90F340792D82A505
1739229595.298575,can0,0x56B40E2,8,1,0xE2,0x40,0x16B00,D164432973ACC531
1739229595.299628,can0,0x1536E401,8,5,0x1,0xE4,0x13600,ADC8F7241C3F034C
1739229595.300681,can0,0x8173931,8,2,0x31,0x39,0x1700,E0380C7F73073408
1739229595.301735,can0,0x15F42C28,8,5,0x28,0xFF,0x1F42C,E13C40522041D369
1739229595.302787,can0,0x143827C1,8,5,0xC1,0x27,0x3800,B8B1D2636734580E
1739229595.30384,can0,0x12C60A7,8,0,0xA7,0x60,0x12C00,8DC21B615179DC1E
1739229595.304893,can0,0x84567B3,8,2,0xB3,0x67,0x4500,759831131E648567
1739229595.305946,can0,0x13970580,8,4,0x80,0x5,0x39700,9F9BC310453A3A50
1739229595.306999,can0,0x8240B5F,8,2,0x5F,0xB,0x2400,89C5D5010D68E35C
1739229595.308053,can0,0x12AAFFA9,8,4,0xA9,0xFF,0x2AA00,223D54509E5B2456
1739229595.309106,can0,0x185081D6,8,6,0xD6,0x81,0x5000,047EBF556FC0677F
1739229595.31013,can0,0xA162E49,8,2,0x49,0x2E,0x21600,0562F64A1C895F24
1739229595.311184,can0,0x16196D65,8,5,0x65,0x6D,0x21900,369B0D53FDC16B23
1739229595.312237,can0,0x1E4D74D8,8,7,0xD8,0x74,0x24D00,5FC70149DEFEAB75
1739229595.313291,can0,0x820B5F8,8,2,0xF8,0xB5,0x2000,20EF391D97B07E59
1739229595.314344,can0,0x1678EA5F,8,5,0x5F,0xEA,0x27800,C74F667E24739A3A
1739229595.315397,can0,0x155563B0,8,5,0xB0,0x63,0x15500,7BB7AB26990BCC4D
1739229595.31645,can0,0x1CDAC7CF,8,7,0xCF,0xC7,0xDA00,FBBC421A38A78F5E
1739229595.317503,can0,0xD150214,8,3,0x14,0x2,0x11500,5AC86642C26C6560
1739229595.318557,can0,0x9F86A21,8,2,0x21,0xFF,0x1F86A,03C81115E4A9B930
1739229595.31961,can0,0x1CC5BF,8,0,0xBF,0xC5,0x1C00,D949626DE8277906
1739229595.320663,can0,0x1F84862E,8,7,0x2E,0x86,0x38400,22787877ED896F51
1739229595.321716,can0,0x3E40F4B,8,0,0x4B,0xF,0x3E400,87E5914D23257D24
1739229595.322769,can0,0x74FD148,8,1,0x48,0xD1,0x34F00,605ADF2B82EC7E6D
1739229595.323822,can0,0x1CFBD026,8,7,0x26,0xFF,0xFBD0,58100074A2DBB80A
1739229595.324875,can0,0x167A80BD,8,5,0xBD,0x80,0x27A00,B8FA784A6A2B1F09
1739229595.325928,can0,0x1114F3E1,8,4,0xE1,0xF3,0x11400,685ECE3FE5E2CA2F
1739229595.326981,can0,0x1EE0FF7B,8,7,0x7B,0xFF,0x2E000,3726A91CE09F0D4A
1739229595.328035,can0,0x1D70A6B3,8,7,0xB3,0xA6,0x17000,4B28BE493B68740C
1739229595.32909,can0,0x1DD61375,8,7,0x75,0x13,0x1D600,6D92B6533E308621
1739229595.330144,can0,0xE8FBD59,8,3,0x59,0xBD,0x28F00,2C58D333187AE80E
1739229595.331197,can0,0x1508E541,8,5,0x41,0xE5,0x10800,5BDE57133AF26006
1739229595.33225,can0,0x6786F2E,8,1,0x2E,0x6F,0x27800,A6ED3B17C2D7F253
1739229595.333303,can0,0xAF59452,8,2,0x52,0xFF,0x2F594,EEBE8B3E2232D27F
1739229595.334356,can0,0x187480D4,8,6,0xD4,0x80,0x7400,148F875B7A42D273
1739229595.335409,can0,0x32D5C77,8,0,0x77,0x5C,0x32D00,D20F0252323D4B3E
1739229595.336462,can0,0xC4C87E1,8,3,0xE1,0x87,0x4C00,B30317039B9B197E
1739229595.337515,can0,0x1C176AC6,8,7,0xC6,0x6A,0x1700,2E03F801D2C1C21A
1739229595.338568,can0,0x6250AA6,8,1,0xA6,0xA,0x22500,E2A9685F1EEA8064
1739229595.339621,can0,0x129972E1,8,4,0xE1,0x72,0x29900,57BD3E1D8B7C3738
1739229595.340674,can0,0x141FA320,8,5,0x20,0xA3,0x1F00,B17ACE0BB7D40A6C
1739229595.341727,can0,0x3081D38,8,0,0x38,0x1D,0x30800,F25FD70012B3627F
1739229595.34278,can0,0x9690F72,8,2,0x72,0xF,0x16900,21CF4F47B8A09E16
1739229595.343833,can0,0x1D5BE734,8,7,0x34,0xE7,0x15B00,73634532A65F2A55
1739229595.344886,can0,0x1D2E1956,8,7,0x56,0x19,0x12E00,47E4B90ABBEEB130
1739229595.345939,can0,0x11005BD1,8,4,0xD1,0x5B,0x10000,BE40E76D8DFEB302
1739229595.346992,can0,0xF4B9903,8,3,0x3,0x99,0x34B00,9FC8335A4002CB05
1739229595.348045,can0,0xD65349E,8,3,0x9E,0x34,0x16500,65334B766F05C307
1739229595.349098,can0,0x827F671,8,2,0x71,0xF6,0x2700,0C3E705C51AF2B67
1739229595.35013,can0,0xCA8E08F,8,3,0x8F,0xE0,0xA800,EDB0094FA86C6A04
1739229595.351183,can0,0x4E05D1A,8,1,0x1A,0x5D,0xE000,0D54296359E73810
1739229595.352236,can0,0x10EB31D1,8,4,0xD1,0x31,0xEB00,457131064C471011
1739229595.353289,can0,0x104DE4E4,8,4,0xE4,0xE4,0x4D00,B8809A2F6D166058
1739229595.354342,can0,0x6EC859C,8,1,0x9C,0x85,0x2EC00,EC67F62CE079A50A
1739229595.355395,can0,0x1C16E543,8,7,0x43,0xE5,0x1600,4381242A275E5F15
1739229595.356448,can0,0xCC8D3FE,8,3,0xFE,0xD3,0xC800,14DD241BE69E4603
1739229595.357502,can0,0xF7CD28B,8,3,0x8B,0xD2,0x37C00,1776704A85677A5D
1739229595.358555,can0,0x1547D4CB,8,5,0xCB,0xD4,0x14700,B6AAD577EB9AC553
1739229595.359608,can0,0x1D0ADA3A,8,7,0x3A,0xDA,0x10A00,27A1FD3FF7D83530
1739229595.360661,can0,0x436898B,8,1,0x8B,0x89,0x3600,B681A66CE4893F7F
1739229595.361714,can0,0x8A0F634,8,2,0x34,0xF6,0xA000,D0DE8651F2DD6862
1739229595.362767,can0,0x18D9DD8D,8,6,0x8D,0xDD,0xD900,A1107222374F9A68
1739229595.36382,can0,0x9EA24D9,8,2,0xD9,0x24,0x1EA00,85F5BF72EFCF3418
1739229595.364873,can0,0x24A3B46,8,0,0x46,0x3B,0x24A00,227BAC59DC372B45
1739229595.365926,can0,0xCEFB526,8,3,0x26,0xB5,0xEF00,6560C3151FB94F6F
1739229595.366979,can0,0x24F134E,8,0,0x4E,0x13,0x24F00,63348C023396740A
1739229595.368032,can0,0x595B234,8,1,0x34,0xB2,0x19500,EE0609724A0CE554
1739229595.369086,can0,0x31019B9,8,0,0xB9,0x19,0x31000,B9DB506700B7BA4C
1739229595.37013,can0,0x16D5B4A4,8,5,0xA4,0xB4,0x2D500,F4B55B642758B80C
1739229595.371183,can0,0x70B8D9B,8,1,0x9B,0x8D,0x30B00,7F3F9248DDD95E79
1739229595.372236,can0,0x64B1780,8,1,0x80,0x17,0x24B00,B3353331ADB8E54A
1739229595.373289,can0,0x8B3F572,8,2,0x72,0xF5,0xB300,41130D2A4FC9576D
1739229595.374343,can0,0x114E44A9,8,4,0xA9,0x44,0x14E00,1A38F733D4BE1760
1739229595.375396,can0,0x9831499,8,2,0x99,0x14,0x18300,61734116F639C439
1739229595.37645,can0,0xEAE4C75,8,3,0x75,0x4C,0x2AE00,872831035B9A874F
1739229595.377504,can0,0x1DFE0594,8,7,0x94,0xFF,0x1FE05,D53B8005BECE1352
1739229595.378559,can0,0x8729BC7,8,2,0xC7,0x9B,0x7200,09EE150BACD51C44
1739229595.379614,can0,0x1D57A811,8,7,0x11,0xA8,0x15700,C307266E66B16D2B
1739229595.380667,can0,0xA125F12,8,2,0x12,0x5F,0x21200,67BCFB245A67C90F
1739229595.38172,can0,0x16CAB739,8,5,0x39,0xB7,0x2CA00,034A070CD9A65B58
1739229595.382773,can0,0x10299117,8,4,0x17,0x91,0x2900,836152728DDC8E09
1739229595.383827,can0,0x1B0F49C4,8,6,0xC4,0x49,0x30F00,F556063BCEEF9B33
1739229595.38488,can0,0x8671313,8,2,0x13,0x13,0x6700,9E9B546CE8279367
1739229595.385933,can0,0x87ED1E8,8,2,0xE8,0xD1,0x7E00,37B0D735499BD47D
1739229595.386985,can0,0x2430BDE,8,0,0xDE,0xB,0x24300,ACFC8544D1C30501
1739229595.388038,can0,0x11CAA63A,8,4,0x3A,0xA6,0x1CA00,40028442A6FF8506
1739229595.389091,can0,0x3DE74F8,8,0,0xF8,0x74,0x3DE00,079EF64AB0ED9B11
1739229595.39013,can0,0x7FB4AA5,8,1,0xA5,0xFF,0x3FB4A,19464E2873F5C17F
1739229595.391183,can0,0x1368FC0B,8,4,0xB,0xFC,0x36800,2BA56052DAB1BD24
1739229595.392236,can0,0x3326365,8,0,0x65,0x63,0x33200,645C2B09DDFBC430
1739229595.39329,can0,0x1B8E0A3E,8,6,0x3E,0xA,0x38E00,7BED5439605D1723
1739229595.394343,can0,0x51CE6CB,8,1,0xCB,0xE6,0x11C00,4037643455B41D5E
1739229595.395396,can0,0x18B8D699,8,6,0x99,0xD6,0xB800,534ACB1CF44F724A
1739229595.396448,can0,0x4BFE82,8,0,0x82,0xFE,0x4B00,3B1C4A652B004A00
1739229595.397501,can0,0x1E2099CB,8,7,0xCB,0x99,0x22000,1A288D67D8FCCF44
1739229595.398554,can0,0x1F265D9C,8,7,0x9C,0x5D,0x32600,54CE573918FF5307
1739229595.399608,can0,0x5AC5D43,8,1,0x43,0x5D,0x1AC00,4C43365D209D4A52
1739229595.40066,can0,0x17484AF3,8,5,0xF3,0x4A,0x34800,F18D314539E3987A
1739229595.401714,can0,0x170A4066,8,5,0x66,0x40,0x30A00,FC899A586488F94C
1739229595.402767,can0,0x1BC7F240,8,6,0x40,0xF2,0x3C700,61EDCC7BC8E42456
1739229595.40382,can0,0xC8CEE1E,8,3,0x1E,0xEE,0x8C00,A0F75A7744D2790F
1739229595.404873,can0,0xFA44B7E,8,3,0x7E,0x4B,0x3A400,6BDE777C8409DE43
1739229595.405926,can0,0xDC1FFD4,8,3,0xD4,0xFF,0x1C100,05B53035D753A960
1739229595.406979,can0,0x18344FC8,8,6,0xC8,0x4F,0x3400,87B37C551370F345
1739229595.408032,can0,0x187E4FF3,8,6,0xF3,0x4F,0x7E00,524D9D732D98802D
1739229595.409086,can0,0x1D4E4CCB,8,7,0xCB,0x4C,0x14E00,EFAAC3128166D866
1739229595.41013,can0,0x4A24BE4,8,1,0xE4,0x4B,0xA200,32087038CDA90E44
1739229595.411184,can0,0x16ECE904,8,5,0x4,0xE9,0x2EC00,2553B86FBF374009
1739229595.412237,can0,0x1185CC3D,8,4,0x3D,0xCC,0x18500,8B93C226BBC1DA61
1739229595.41329,can0,0x1E7F54A1,8,7,0xA1,0x54,0x27F00,CB858A021DAFA75D
1739229595.414344,can0,0x14A43969,8,5,0x69,0x39,0xA400,E973170FBDA60255
1739229595.415398,can0,0x41E0BAD,8,1,0xAD,0xB,0x1E00,68BFBB3E28857A51
1739229595.416451,can0,0x7FC1531,8,1,0x31,0xFF,0x3FC15,3CBF7D4C2D3AAB06
1739229595.417504,can0,0x8A56909,8,2,0x9,0x69,0xA500,040FB224B4ED275C
1739229595.418557,can0,0xE98D91C,8,3,0x1C,0xD9,0x29800,F75E307D073BC54F
1739229595.41961,can0,0x1C197149,8,7,0x49,0x71,0x1900,C3AB7E1AF6E58862
1739229595.420664,can0,0x2F1D7CA,8,0,0xCA,0xFF,0x2F1D7,A7F7203F28EEF81A
1739229595.421717,can0,0x7008197,8,1,0x97,0x81,0x30000,ABE00D364D41B10A
1739229595.42277,can0,0x1040B956,8,4,0x56,0xB9,0x4000,E8AC9327D8D47331
1739229595.423824,can0,0x121B7B12,8,4,0x12,0x7B,0x21B00,89011366A35AFE33
1739229595.424878,can0,0xFC32A2F,8,3,0x2F,0x2A,0x3C300,F23AB77A8DCE1543
1739229595.425931,can0,0x4C5D0EC,8,1,0xEC,0xD0,0xC500,A046D51EF58DD101
1739229595.426985,can0,0x16405614,8,5,0x14,0x56,0x24000,D15BD106314D4F4E
1739229595.428039,can0,0x1CEB9042,8,7,0x42,0x90,0xEB00,DAC4764F355C0173
1739229595.429093,can0,0x19137DF6,8,6,0xF6,0x7D,0x11300,F69D0F5E2CBB3170
1739229595.43013,can0,0x8D8B8FD,8,2,0xFD,0xB8,0xD800,3F0F291AEF66B00A
1739229595.43114,can0,0xB619EF3,8,2,0xF3,0x9E,0x36100,09E71A3D965ED149
1739229595.432194,can0,0x65A8D1B,8,1,0x1B,0x8D,0x25A00,A1681B24413FDF7F
1739229595.433247,can0,0x110BCE68,8,4,0x68,0xCE,0x10B00,F7215C1429EC7227
1739229595.4343,can0,0x27FA340,8,0,0x40,0xA3,0x27F00,099D7766B2ED850D
1739229595.435353,can0,0x167DFDE4,8,5,0xE4,0xFD,0x27D00,38C73A16A5283D08
1739229595.436406,can0,0x1993CC71,8,6,0x71,0xCC,0x19300,2498001B456F1227
1739229595.437459,can0,0x1B655A66,8,6,0x66,0x5A,0x36500,39EE407116CBE32D
1739229595.438512,can0,0x9B4A797,8,2,0x97,0xA7,0x1B400,7B7E2C4EF18F5A7D
1739229595.439565,can0,0x1CB603CC,8,7,0xCC,0x3,0xB600,71FC3F07E72D6A5B
1739229595.440618,can0,0xCE7BEF8,8,3,0xF8,0xBE,0xE700,6FB51810273D9375
1739229595.441672,can0,0x179825E8,8,5,0xE8,0x25,0x39800,62547A7B3024AE32
1739229595.442725,can0,0x169847E,8,0,0x7E,0x84,0x16900,7EE1D401D18CC956
1739229595.443779,can0,0x148C3C0,8,0,0xC0,0xC3,0x14800,E6AFE012C9AE256B
1739229595.444831,can0,0x8BBAFE9,8,2,0xE9,0xAF,0xBB00,27536055D24B9D51
1739229595.445884,can0,0x16419D9C,8,5,0x9C,0x9D,0x24100,0B51DE4B0B13D867
1739229595.446937,can0,0x1E7EC641,8,7,0x41,0xC6,0x27E00,7C1D72052FABD802
1739229595.44799,can0,0x5913586,8,1,0x86,0x35,0x19100,E277D74068991974
1739229595.449043,can0,0x1375009C,8,4,0x9C,0x0,0x37500,791F8C4AE3174642
1739229595.450096,can0,0x10CF908D,8,4,0x8D,0x90,0xCF00,4523424755148649
1739229595.45113,can0,0xC39BE75,8,3,0x75,0xBE,0x3900,3DE22934C4C99E59
1739229595.452183,can0,0x1CCFB9C,8,0,0x9C,0xFB,0x1CC00,2508C22B261E1955
1739229595.453236,can0,0x147B1FCC,8,5,0xCC,0x1F,0x7B00,A48C2B6DA4FFED56
1739229595.454289,can0,0xB44AC9E,8,2,0x9E,0xAC,0x34400,6450742E8BAFCE69
1739229595.455342,can0,0x166A5B67,8,5,0x67,0x5B,0x26A00,4D003017B2022F3F
1739229595.456395,can0,0x807A739,8,2,0x39,0xA7,0x700,E99D710DBD530D0B
1739229595.457448,can0,0xFDFBA44,8,3,0x44,0xBA,0x3DF00,2A64F00B39717F10
1739229595.458501,can0,0x12B86574,8,4,0x74,0x65,0x2B800,B09981311BE95651
1739229595.459555,can0,0x6D1FEDC,8,1,0xDC,0xFE,0x2D100,4D9AF6049408E31B
1739229595.460608,can0,0x91816C0,8,2,0xC0,0x16,0x11800,DA2AC655D92B2563
1739229595.461661,can0,0x129E2B15,8,4,0x15,0x2B,0x29E00,4FE9FF01160E4F17
1739229595.462714,can0,0xC3CF4D9,8,3,0xD9,0xF4,0x3C00,EBE4CC233C161143
1739229595.463767,can0,0x15612FF,8,0,0xFF,0x12,0x15600,B8044878E0A23C30
1739229595.46482,can0,0x184412A4,8,6,0xA4,0x12,0x4400,56B18C2344F3B05E
1739229595.465873,can0,0x212C22F,8,0,0x2F,0xC2,0x21200,BD0CF73991F3E075
1739229595.466926,can0,0x141C4E1,8,0,0xE1,0xC4,0x14100,F6B3FE217B915203
1739229595.46798,can0,0xC4F189E,8,3,0x9E,0x18,0x4F00,3B6EDE71A5F5420F
1739229595.469033,can0,0x1CCE89D7,8,7,0xD7,0x89,0xCE00,AFD39644568FC440
1739229595.470086,can0,0xE2572F2,8,3,0xF2,0x72,0x22500,8BD2680BA329BB45
1739229595.471139,can0,0xA087B86,8,2,0x86,0x7B,0x20800,4BE980147D54811B
1739229595.472192,can0,0xD2DA75F,8,3,0x5F,0xA7,0x12D00,60141F67CD3D811D
1739229595.473245,can0,0x47CB575,8,1,0x75,0xB5,0x7C00,39095C13B8224E41
1739229595.474298,can0,0x78DCBB1,8,1,0xB1,0xCB,0x38D00,391CB21470279639
1739229595.475351,can0,0x17CA6E91,8,5,0x91,0x6E,0x3CA00,DD2EF66CC6D8225D
1739229595.476404,can0,0x167B61D5,8,5,0xD5,0x61,0x27B00,0CF1082F83E51917
1739229595.477457,can0,0xC5C5567,8,3,0x67,0x55,0x5C00,EDB54A307A991839
1739229595.47851,can0,0xFAEE6E2,8,3,0xE2,0xE6,0x3AE00,8BCE993CB507F72A
1739229595.479563,can0,0x1EF1DC87,8,7,0x87,0xFF,0x2F1DC,6258685964DB8D6F
1739229595.480616,can0,0x1FB66BDD,8,7,0xDD,0x6B,0x3B600,54CB8D47EFADF67A
1739229595.481669,can0,0x5719580,8,1,0x80,0x95,0x17100,DA4696513B97770F
1739229595.482723,can0,0xF2E9FE,8,0,0xFE,0xFF,0xF2E9,39EEC33E9BAB9676
1739229595.483779,can0,0x1E7427CB,8,7,0xCB,0x27,0x27400,AEA34043D5B4F209
1739229595.484831,can0,0x1FC24A83,8,7,0x83,0x4A,0x3C200,606FCE0A0ED1A41E
1739229595.485884,can0,0x195871F4,8,6,0xF4,0x71,0x15800,F1DD9802EBFF9A0B
1739229595.486938,can0,0x167B4ABA,8,5,0xBA,0x4A,0x27B00,C73F1459F7F0A33A
1739229595.48799,can0,0xD95303E,8,3,0x3E,0x30,0x19500,2E957025E4A6EE6A
1739229595.489044,can0,0x6ADC9B8,8,1,0xB8,0xC9,0x2AD00,107C1F756F758827
1739229595.490097,can0,0x11A4D16D,8,4,0x6D,0xD1,0x1A400,97581154D1CDF000
1739229595.49113,can0,0x132ACD1,8,0,0xD1,0xAC,0x13200,75C4C77325997E48
1739229595.492184,can0,0x1C295AC0,8,7,0xC0,0x5A,0x2900,F5593959FFDF141A
1739229595.493237,can0,0xBA0F1FB,8,2,0xFB,0xF1,0x3A000,F3432C5A38CED858
1739229595.49429,can0,0x2379D97,8,0,0x97,0x9D,0x23700,BE6BA078E671191C
1739229595.495343,can0,0xC2A526C,8,3,0x6C,0x52,0x2A00,42B6625846E1E726
1739229595.496397,can0,0xACF237A,8,2,0x7A,0x23,0x2CF00,3628BB7138BF8029
1739229595.49745,can0,0x166A2365,8,5,0x65,0x23,0x26A00,F0723668FFFE9402
1739229595.498503,can0,0x110E145C,8,4,0x5C,0x14,0x10E00,2EA3CB752D940528
1739229595.499556,can0,0x1BFCBB40,8,6,0x40,0xFF,0x3FCBB,E66C793C3D10251D
1739229595.500609,can0,0x38530AF,8,0,0xAF,0x30,0x38500,533E1E2ED4683671
1739229595.501662,can0,0x475FE80,8,1,0x80,0xFE,0x7500,24EB500F492DFE64
1739229595.502715,can0,0xCF497A5,8,3,0xA5,0xFF,0xF497,E5457A6B3F87373E
1739229595.503768,can0,0x70977A4,8,1,0xA4,0x77,0x30900,E0371B5732CB6318
1739229595.504821,can0,0x1FE245DC,8,7,0xDC,0x45,0x3E200,77D55239F1360411
1739229595.505874,can0,0x1BFBB7C2,8,6,0xC2,0xFF,0x3FBB7,E3277D2533ED6669
1739229595.506927,can0,0x2E39909,8,0,0x9,0x99,0x2E300,5D4B4C306915225B
1739229595.507981,can0,0xC645841,8,3,0x41,0x58,0x6400,C26EB64659885843
1739229595.509034,can0,0xEF95740,8,3,0x40,0xFF,0x2F957,1E83C417882B2439
1739229595.510087,can0,0x16FEEB6D,8,5,0x6D,0xFF,0x2FEEB,5E3EC1536E989D75
1739229595.511141,can0,0x1423FBAA,8,5,0xAA,0xFB,0x2300,0D6F4637C2D6BB23
1739229595.512194,can0,0x55A647E,8,1,0x7E,0x64,0x15A00,8D6DBC1BE6C10C33
1739229595.513248,can0,0xA5891C8,8,2,0xC8,0x91,0x25800,3205B148CB07871E
1739229595.514301,can0,0x8901907,8,2,0x7,0x19,0x9000,D67CBA0FAC3FA275
1739229595.515354,can0,0xF3E439,8,0,0x39,0xFF,0xF3E4,B2C29C2F2315F52E
1739229595.516407,can0,0x11F81B2A,8,4,0x2A,0xFF,0x1F81B,757A986B073D7254
1739229595.51746,can0,0x1B5F085D,8,6,0x5D,0x8,0x35F00,7E137C4E6488BE04
1739229595.518513,can0,0x16811DC6,8,5,0xC6,0x1D,0x28100,BF6BE05A27F7744B
1739229595.519566,can0,0x19D9A620,8,6,0x20,0xA6,0x1D900,FFC2D969457A3963
1739229595.520619,can0,0x12FDD1A8,8,4,0xA8,0xFF,0x2FDD1,6CAED820A4B8FA36
1739229595.521672,can0,0x89B6A16,8,2,0x16,0x6A,0x9B00,16AAFC74B127416E
1739229595.522725,can0,0xC5740D8,8,3,0xD8,0x40,0x5700,940E573A3F95FD09
1739229595.523778,can0,0x1F6402BF,8,7,0xBF,0x2,0x36400,5CA0AF64719AAE52
1739229595.52483,can0,0x1DEB0A8A,8,7,0x8A,0xA,0x1EB00,63B93F4D48176962
1739229595.525884,can0,0x138D4A36,8,4,0x36,0x4A,0x38D00,9D9D334EFAD90512
1739229595.526937,can0,0x2825F5A,8,0,0x5A,0x5F,0x28200,C7B82B606F549E7D
1739229595.52799,can0,0x16F49C61,8,5,0x61,0xFF,0x2F49C,25C18A5BED671A4C
1739229595.529044,can0,0x1BB324C5,8,6,0xC5,0x24,0x3B300,EBDE0B32ACD3FA26
1739229595.530098,can0,0x7281BEC,8,1,0xEC,0x1B,0x32800,0B85E54BAB96D410
1739229595.53113,can0,0xA619632,8,2,0x32,0x96,0x26100,B356E31E1745AD31
1739229595.532184,can0,0x15C4ED6,8,0,0xD6,0x4E,0x15C00,CAC07E672DEFA926
1739229595.533237,can0,0xF9D7687,8,3,0x87,0x76,0x39D00,A201D653C2FD0061
1739229595.53429,can0,0x199B0BC6,8,6,0xC6,0xB,0x19B00,61043A731E9EB045
1739229595.535343,can0,0xC49A638,8,3,0x38,0xA6,0x4900,EC0E25318257F012
1739229595.536396,can0,0xEB2BD80,8,3,0x80,0xBD,0x2B200,2259B2641FF52361
1739229595.53745,can0,0xB8977A,8,0,0x7A,0x97,0xB800,7CB83447E6AD4F41
1739229595.538504,can0,0x1E56EBEA,8,7,0xEA,0xEB,0x25600,DD54297E0B6FDA1C
1739229595.539557,can0,0xA7153D7,8,2,0xD7,0x53,0x27100,A379DC39F74DE64E
1739229595.54061,can0,0x116C2784,8,4,0x84,0x27,0x16C00,8F95044102D3CB1A
1739229595.541663,can0,0x240BE2F,8,0,0x2F,0xBE,0x24000,C12B662BB629AF39
1739229595.542716,can0,0x13EE0347,8,4,0x47,0x3,0x3EE00,977AC24C80EA2D21
1739229595.543769,can0,0x1A97F274,8,6,0x74,0xF2,0x29700,1FF15F5C22EC0375
1739229595.544822,can0,0x1B98F036,8,6,0x36,0xF0,0x39800,E5FCFA7584F03D68
1739229595.545875,can0,0x1498E55,8,0,0x55,0x8E,0x14900,1DA3446270FF6219
1739229595.546928,can0,0x1439E5D7,8,5,0xD7,0xE5,0x3900,9D60F7309258157E
1739229595.547982,can0,0x155DDAF6,8,5,0xF6,0xDA,0x15D00,18F8AF110F114A45
1739229595.549035,can0,0x16AD88DC,8,5,0xDC,0x88,0x2AD00,02E40670EC657343
1739229595.550088,can0,0x1387F7E8,8,4,0xE8,0xF7,0x38700,D937781A8FDF4F7D
1739229595.55113,can0,0x26E45DF,8,0,0xDF,0x45,0x26E00,5D5FE46B1F75543E
1739229595.552183,can0,0x1D3A18E1,8,7,0xE1,0x18,0x13A00,8D1D254EE0A0BA69
1739229595.553236,can0,0x16E94297,8,5,0x97,0x42,0x2E900,D4201362781B7D36
1739229595.554289,can0,0x18172D17,8,6,0x17,0x2D,0x1700,4813AB1C970CDD12
1739229595.555342,can0,0xD1B193A,8,3,0x3A,0x19,0x11B00,7F0344387C09D808
1739229595.556395,can0,0x155909BE,8,5,0xBE,0x9,0x15900,D4918D199AAC1C6B
1739229595.557449,can0,0xEBC092E,8,3,0x2E,0x9,0x2BC00,AB77C70D370D141C
1739229595.558502,can0,0xCD161C0,8,3,0xC0,0x61,0xD100,A15225634F05C42D
1739229595.559555,can0,0x121B72CF,8,4,0xCF,0x72,0x21B00,7DDBD27951E9CA1D
1739229595.560608,can0,0x158ED8BC,8,5,0xBC,0xD8,0x18E00,65D35A2D2B214338
1739229595.561661,can0,0x12DEB84B,8,4,0x4B,0xB8,0x2DE00,4419C92F88802724
1739229595.562715,can0,0x11332D6A,8,4,0x6A,0x2D,0x13300,2632034D159E4C72
1739229595.563767,can0,0x1AEDCE4B,8,6,0x4B,0xCE,0x2ED00,BD74EC23E9BE5F54
1739229595.56482,can0,0x116AE9C3,8,4,0xC3,0xE9,0x16A00,D5A1031C32D20A71
1739229595.565873,can0,0x447F65A,8,1,0x5A,0xF6,0x4700,0FBB1E09B1D54E29
1739229595.566927,can0,0xD1FFFD6,8,3,0xD6,0xFF,0x11F00,CDC4775E8567DC42
1739229595.56798,can0,0x183CAC70,8,6,0x70,0xAC,0x3C00,FBCD334D30DFA350
1739229595.569033,can0,0x1450B9A8,8,5,0xA8,0xB9,0x5000,BB2F053AD131C933
1739229595.570086,can0,0x214BEF7,8,0,0xF7,0xBE,0x21400,8BA2206C4E0D9C2D
1739229595.57113,can0,0x1FDFA849,8,7,0x49,0xA8,0x3DF00,477BAF61B4E0F65A
1739229595.572183,can0,0x1822C974,8,6,0x74,0xC9,0x2200,92338E54F8F9BF0A
1739229595.573236,can0,0x1C4A49FC,8,7,0xFC,0x49,0x4A00,FD60C1051E2CC357
1739229595.57429,can0,0xE96E812,8,3,0x12,0xE8,0x29600,482FAF20DCA0AF7B
1739229595.575343,can0,0x2F6A6FB,8,0,0xFB,0xFF,0x2F6A6,0B191A72B142B317
1739229595.576396,can0,0x1401792D,8,5,0x2D,0x79,0x100,650F6256C0FDD120
1739229595.57745,can0,0x1D504EDE,8,7,0xDE,0x4E,0x15000,3B0F82438DC2497F
1739229595.578502,can0,0x2CB663,8,0,0x63,0xB6,0x2C00,ACBBBE1B88907D4C
1739229595.579556,can0,0x10D09593,8,4,0x93,0x95,0xD000,54750F1043C08206
1739229595.58061,can0,0x499C764,8,1,0x64,0xC7,0x9900,4B342432CE62A372
1739229595.581663,can0,0x1235D4B3,8,4,0xB3,0xD4,0x23500,94DC037215DE5254
1739229595.582716,can0,0xD2CB567,8,3,0x67,0xB5,0x12C00,08A6266AA811E128
1739229595.583769,can0,0x17ECAF5F,8,5,0x5F,0xAF,0x3EC00,05F07006A572A22E
1739229595.584822,can0,0xFAFDB7E,8,3,0x7E,0xDB,0x3AF00,17D80715EDA1514F
1739229595.585875,can0,0xB5F7C5A,8,2,0x5A,0x7C,0x35F00,127FFE77F8BA6B41
1739229595.586928,can0,0x312BF0B,8,0,0xB,0xBF,0x31200,40F8FF4B5DCACD17
1739229595.587984,can0,0x3E4BCCB,8,0,0xCB,0xBC,0x3E400,1E47504998D94F5B
1739229595.589037,can0,0x32E7F58,8,0,0x58,0x7F,0x32E00,82FD7C0944950E77
1739229595.59009,can0,0xFAC0FE0,8,3,0xE0,0xF,0x3AC00,15934D1A980A1E07
1739229595.59113,can0,0x162ED023,8,5,0x23,0xD0,0x22E00,7A5AE75EE43E4239
1739229595.592183,can0,0x8D232F2,8,2,0xF2,0x32,0xD200,2D2F1D51781B462B
1739229595.593237,can0,0x1D251107,8,7,0x7,0x11,0x12500,94E4491E81C16C15
1739229595.59429,can0,0x60622AF,8,1,0xAF,0x22,0x20600,F393367686B1DD1B
1739229595.595343,can0,0x14A89554,8,5,0x54,0x95,0xA800,716FE6259D89E530
1739229595.596396,can0,0x3FA3741,8,0,0x41,0xFF,0x3FA37,CBEB4551AF08E428
1739229595.597449,can0,0x565F239,8,1,0x39,0xF2,0x16500,D6AA5814EF00E474
1739229595.598502,can0,0x1D33BC96,8,7,0x96,0xBC,0x13300,A1673D780E48343E
1739229595.599555,can0,0x1883962F,8,6,0x2F,0x96,0x8300,F9E66B5B9045B147
1739229595.600608,can0,0xF922B73,8,3,0x73,0x2B,0x39200,D9F6170BA5D8FE61
1739229595.601661,can0,0x16B0360C,8,5,0xC,0x36,0x2B000,FDC646411F33E640
1739229595.602714,can0,0xFF274F0,8,3,0xF0,0xFF,0x3F274,EFF9186A4C620312
1739229595.603767,can0,0x1B389068,8,6,0x68,0x90,0x33800,F60A3E67E0464D30
1739229595.604819,can0,0x10A551E9,8,4,0xE9,0x51,0xA500,A62D440DD4DA8326
1739229595.605872,can0,0xC83036F,8,3,0x6F,0x3,0x8300,FAC2EC61454A6A4C
1739229595.606925,can0,0x1D688D0C,8,7,0xC,0x8D,0x16800,3CFAE6051136B01D
1739229595.60798,can0,0x64C95BC,8,1,0xBC,0x95,0x24C00,75EC4C6BE7E00832
1739229595.609034,can0,0x1B3096AB,8,6,0xAB,0x96,0x33000,0CA980688948462A
1739229595.610087,can0,0x1964DEB9,8,6,0xB9,0xDE,0x16400,3B3F0441822FB205
1739229595.611134,can0,0x1162449,8,0,0x49,0x24,0x11600,AE6A96105C26CA10
1739229595.612187,can0,0x314FCEF,8,0,0xEF,0xFC,0x31400,BAA0466759ED1052
1739229595.613241,can0,0x3FB300E,8,0,0xE,0xFF,0x3FB30,AA15397748E7293C
1739229595.614294,can0,0x15FE925B,8,5,0x5B,0xFF,0x1FE92,13A671323EF26723
1739229595.615348,can0,0x64BD93B,8,1,0x3B,0xD9,0x24B00,FCF71603E41FAC30
1739229595.616401,can0,0xCCFB40F,8,3,0xF,0xB4,0xCF00,6CFB996FDFE29812
1739229595.617454,can0,0x1939FE55,8,6,0x55,0xFE,0x13900,7888020D1BDD7F18
1739229595.618523,can0,0x16EA3466,8,5,0x66,0x34,0x2EA00,341E4F5390C9CC03
1739229595.61959,can0,0x8F3154D,8,2,0x4D,0xFF,0xF315,E0B47F0E9C724D6C
1739229595.620659,can0,0x13395DD6,8,4,0xD6,0x5D,0x33900,9993E407D7B1512D
1739229595.621726,can0,0x18EB8D59,8,6,0x59,0x8D,0xEB00,E3B7FA48861CE83D
1739229595.622789,can0,0x9B5B3B5,8,2,0xB5,0xB3,0x1B500,D2B40F6C40BD2E25
1739229595.623844,can0,0x1BC6A10E,8,6,0xE,0xA1,0x3C600,E0E40A50EBD2671C
1739229595.624897,can0,0x17F08856,8,5,0x56,0xFF,0x3F088,3B770946FE78D94E
1739229595.62595,can0,0x1B587A94,8,6,0x94,0x7A,0x35800,7750556CFA70F051
1739229595.627003,can0,0xC049A79,8,3,0x79,0x9A,0x400,86042539666C8A41
1739229595.628056,can0,0x1E9D7D58,8,7,0x58,0x7D,0x29D00,DB025F52DFF48C4E
1739229595.629109,can0,0x171D5A73,8,5,0x73,0x5A,0x31D00,413749091313DC21
1739229595.63013,can0,0x1AEA2403,8,6,0x3,0x24,0x2EA00,8F4C3C72F3C75B30
1739229595.631183,can0,0x73796A0,8,1,0xA0,0x96,0x33700,65AA75058D5B4038
1739229595.632237,can0,0x14894877,8,5,0x77,0x48,0x8900,BE37611E70133B01
1739229595.63329,can0,0x127164FD,8,4,0xFD,0x64,0x27100,73EB164842C84A6D
1739229595.634343,can0,0x17A0223E,8,5,0x3E,0x22,0x3A000,818CDD4322AD553D
1739229595.635396,can0,0x1407F529,8,5,0x29,0xF5,0x700,D714CE7B5E245F03
1739229595.636449,can0,0x2E16E27,8,0,0x27,0x6E,0x2E100,6C8F2657D574B46F
1739229595.637503,can0,0x14D1DF21,8,5,0x21,0xDF,0xD100,E5292B635B79D928
1739229595.638556,can0,0x165C4B88,8,5,0x88,0x4B,0x25C00,3DA7C801377C387B
1739229595.63961,can0,0x4E94067,8,1,0x67,0x40,0xE900,B001E63878B38104
1739229595.640662,can0,0x6C5537A,8,1,0x7A,0x53,0x2C500,B325D0730700BE76
1739229595.641716,can0,0x17211B6E,8,5,0x6E,0x1B,0x32100,53BC071B6DAA337C
1739229595.642769,can0,0xF6176FB,8,3,0xFB,0x76,0x36100,CB04916F2BE2941A
1739229595.643822,can0,0x109C8A6B,8,4,0x6B,0x8A,0x9C00,C86902029FCDAB62
1739229595.644875,can0,0x1DE752AD,8,7,0xAD,0x52,0x1E700,068CA239205A8926
1739229595.645928,can0,0x1B3CFFCF,8,6,0xCF,0xFF,0x33C00,2F81AA0DF86E5722
1739229595.646981,can0,0x1E9C242D,8,7,0x2D,0x24,0x29C00,56EF8B3064FE7D79
1739229595.648034,can0,0xE509902,8,3,0x2,0x99,0x25000,78CE5D254928A95C
1739229595.649087,can0,0x172A125E,8,5,0x5E,0x12,0x32A00,001ABA5B86CF715E
1739229595.650141,can0,0x12628E95,8,4,0x95,0x8E,0x26200,675AA36036D15717
1739229595.651195,can0,0x16E4420D,8,5,0xD,0x42,0x2E400,E1AD6807E9F6270B
1739229595.652248,can0,0xDA24215,8,3,0x15,0x42,0x1A200,4FC9895E3DB32F26
1739229595.653302,can0,0x9D5EC82,8,2,0x82,0xEC,0x1D500,4A40EB6D08B8C015
1739229595.654356,can0,0x46ACEAD,8,1,0xAD,0xCE,0x6A00,B5CA877ED021C317
1739229595.655409,can0,0x7169C4C,8,1,0x4C,0x9C,0x31600,621D6F7CD7AD6551
1739229595.656463,can0,0xD9FF66D,8,3,0x6D,0xF6,0x19F00,321DAC37062F105F
1739229595.657518,can0,0xFF76565,8,3,0x65,0xFF,0x3F765,5F4148765D1E9C0F
1739229595.658572,can0,0x97563C9,8,2,0xC9,0x63,0x17500,62DA9824D5ECF934
1739229595.659626,can0,0x61E8C12,8,1,0x12,0x8C,0x21E00,C0ECC27BD506B410
1739229595.660679,can0,0x4905B98,8,1,0x98,0x5B,0x9000,557B254E3C615771
1739229595.661732,can0,0x1BE82CCE,8,6,0xCE,0x2C,0x3E800,62BD09251D0FC078
1739229595.662786,can0,0x71023B7,8,1,0xB7,0x23,0x31000,77FFAB726DD84957
1739229595.663839,can0,0xD3FD6F4,8,3,0xF4,0xD6,0x13F00,F9EB813CB7183545
1739229595.664892,can0,0x3008EFC,8,0,0xFC,0x8E,0x30000,A7BAEC206DE3BC43
1739229595.665945,can0,0x1AC3B0CD,8,6,0xCD,0xB0,0x2C300,F3560368CF002C40
1739229595.666999,can0,0xC295EA4,8,3,0xA4,0x5E,0x2900,604DA355011ED877
1739229595.668053,can0,0xB398DAA,8,2,0xAA,0x8D,0x33900,C5B29A65615F206E
1739229595.669106,can0,0x1AD5AC07,8,6,0x7,0xAC,0x2D500,8E16106FC339B912
1739229595.67016,can0,0xFCF98DC,8,3,0xDC,0x98,0x3CF00,A0A22E5583267C0E
1739229595.671213,can0,0x839FB1,8,0,0xB1,0x9F,0x8300,38FEBE19D8A1A15C
1739229595.672266,can0,0x11DB00ED,8,4,0xED,0x0,0x1DB00,062BA7753A5FAB01
1739229595.673319,can0,0xA9B100B,8,2,0xB,0x10,0x29B00,BE4EB75CB25E5774
1739229595.674373,can0,0x1E4E878,8,0,0x78,0xE8,0x1E400,B225F769AB4AD930
1739229595.675426,can0,0x71A012F,8,1,0x2F,0x1,0x31A00,AFB4F70C5205C651
1739229595.676479,can0,0xAD6E49C,8,2,0x9C,0xE4,0x2D600,7C65BB47465CC939
1739229595.677532,can0,0xB02E56C,8,2,0x6C,0xE5,0x30200,20C4E453A6A96C0F
1739229595.678585,can0,0x2DB036D,8,0,0x6D,0x3,0x2DB00,CA511E3F6C5C0775
1739229595.679639,can0,0x10FB62CE,8,4,0xCE,0xFF,0xFB62,D2FDF339FA721764
1739229595.680691,can0,0x3B49C91,8,0,0x91,0x9C,0x3B400,AE96C3699B154639
1739229595.681744,can0,0x1230C314,8,4,0x14,0xC3,0x23000,6036472AD3130553
1739229595.682798,can0,0xED264EC,8,3,0xEC,0x64,0x2D200,4D37225CDA3EAC48
1739229595.683853,can0,0x107DC427,8,4,0x27,0xC4,0x7D00,5847BD06988D6325
1739229595.684906,can0,0x4D522D9,8,1,0xD9,0x22,0xD500,D02FA2084AB35A0F
1739229595.685959,can0,0x15AE6D84,8,5,0x84,0x6D,0x1AE00,0031BC4FF967521C
1739229595.687012,can0,0x77472D7,8,1,0xD7,0x72,0x37400,9C15935A75CD0D64
1739229595.688065,can0,0x13DCF1D,8,0,0x1D,0xCF,0x13D00,08FB95259591F237
1739229595.689118,can0,0x10AA78C3,8,4,0xC3,0x78,0xAA00,76FE706860E31077
1739229595.69013,can0,0x5B1D52F,8,1,0x2F,0xD5,0x1B100,44616C1932E10431
1739229595.691184,can0,0x9C9482A,8,2,0x2A,0x48,0x1C900,D6FD205DE077C81A
1739229595.692242,can0,0x30F5DC5,8,0,0xC5,0x5D,0x30F00,EAC0512F40AE0F45
1739229595.693295,can0,0x16147198,8,5,0x98,0x71,0x21400,D725245E8EE53121
1739229595.694348,can0,0x1EC0B072,8,7,0x72,0xB0,0x2C000,FEE9A10EE62CEF27
1739229595.695382,can0,0x4243E0A,8,1,0xA,0x3E,0x2400,D70C7733B75C9130
1739229595.696449,can0,0x137EF155,8,4,0x55,0xF1,0x37E00,5B7A2509B78D4D00
1739229595.697516,can0,0xFD1594E,8,3,0x4E,0x59,0x3D100,32ED993053A3E05A
1739229595.698582,can0,0x13DF26C4,8,4,0xC4,0x26,0x3DF00,4FBCD7115C9E7600
1739229595.69965,can0,0xBD1B859,8,2,0x59,0xB8,0x3D100,13358202D29CE768
1739229595.700713,can0,0x2E29BB9,8,0,0xB9,0x9B,0x2E200,420A346816FE5302
